temp_dia_1,temp_dia_2,temp_dia_3,ropa,fecha
38,28,14,verano,2017-01-01
7,20,38,normal,2017-01-02
18,22,10,abrigada,2017-01-03
10,23,35,normal,2017-01-04
39,23,2,verano,2017-01-05
21,1,23,abrigada,2017-01-06
29,37,1,abrigada,2017-01-07
20,32,11,normal,2017-01-08
21,24,26,abrigada,2017-01-09
27,15,14,abrigada,2017-01-10
2,36,6,verano,2017-01-11
20,8,38,verano,2017-01-12
17,3,24,abrigada,2017-01-13
13,8,25,abrigada,2017-01-14
1,19,27,normal,2017-01-15
6,7,34,normal,2017-01-16
13,16,35,abrigada,2017-01-17
39,3,1,verano,2017-01-18
5,3,28,abrigada,2017-01-19
17,25,33,abrigada,2017-01-20
9,35,13,verano,2017-01-21
30,14,7,verano,2017-01-22
13,22,39,normal,2017-01-23
20,15,17,normal,2017-01-24
23,25,24,normal,2017-01-25
28,14,0,normal,2017-01-26
24,6,8,verano,2017-01-27
23,0,7,abrigada,2017-01-28
23,10,16,normal,2017-01-29
7,34,34,normal,2017-01-30
32,4,38,verano,2017-01-31
27,6,8,verano,2017-02-01
7,11,33,abrigada,2017-02-02
32,22,23,abrigada,2017-02-03
36,34,39,verano,2017-02-04
21,26,34,normal,2017-02-05
0,34,36,normal,2017-02-06
13,2,0,normal,2017-02-07
4,25,13,abrigada,2017-02-08
38,26,8,normal,2017-02-09
14,14,25,normal,2017-02-10
12,31,38,verano,2017-02-11
31,3,29,normal,2017-02-12
36,22,38,verano,2017-02-13
14,28,35,normal,2017-02-14
12,31,6,abrigada,2017-02-15
21,27,1,normal,2017-02-16
5,27,27,normal,2017-02-17
19,29,10,verano,2017-02-18
27,24,38,verano,2017-02-19
32,0,26,verano,2017-02-20
12,2,38,normal,2017-02-21
5,7,26,normal,2017-02-22
8,36,32,abrigada,2017-02-23
23,14,31,normal,2017-02-24
31,23,11,abrigada,2017-02-25
38,1,2,verano,2017-02-26
36,16,1,verano,2017-02-27
1,27,22,verano,2017-02-28
36,31,32,abrigada,2017-03-01
0,18,1,normal,2017-03-02
25,31,5,verano,2017-03-03
31,3,10,normal,2017-03-04
16,37,23,normal,2017-03-05
4,33,5,verano,2017-03-06
21,10,15,abrigada,2017-03-07
32,8,5,normal,2017-03-08
15,28,2,verano,2017-03-09
19,35,18,normal,2017-03-10
25,2,18,normal,2017-03-11
19,31,6,normal,2017-03-12
32,39,38,normal,2017-03-13
17,39,0,normal,2017-03-14
10,27,24,abrigada,2017-03-15
22,30,29,abrigada,2017-03-16
34,6,15,verano,2017-03-17
25,1,0,abrigada,2017-03-18
11,4,36,abrigada,2017-03-19
31,8,34,abrigada,2017-03-20
18,15,2,normal,2017-03-21
19,23,32,normal,2017-03-22
23,10,7,verano,2017-03-23
35,37,39,verano,2017-03-24
19,34,24,verano,2017-03-25
34,24,28,normal,2017-03-26
17,17,1,abrigada,2017-03-27
34,15,35,abrigada,2017-03-28
32,3,32,normal,2017-03-29
13,20,19,verano,2017-03-30
7,6,2,verano,2017-03-31
16,32,11,verano,2017-04-01
21,21,29,normal,2017-04-02
37,37,7,verano,2017-04-03
26,26,33,verano,2017-04-04
20,29,32,normal,2017-04-05
27,32,4,abrigada,2017-04-06
18,3,34,normal,2017-04-07
16,27,29,normal,2017-04-08
28,5,34,normal,2017-04-09
36,23,28,normal,2017-04-10
30,34,32,abrigada,2017-04-11
20,31,22,verano,2017-04-12
32,2,17,normal,2017-04-13
24,30,2,abrigada,2017-04-14
39,23,31,verano,2017-04-15
21,22,1,verano,2017-04-16
26,1,25,verano,2017-04-17
16,39,32,normal,2017-04-18
8,38,28,normal,2017-04-19
25,34,24,verano,2017-04-20
23,12,6,verano,2017-04-21
35,19,0,verano,2017-04-22
7,15,13,verano,2017-04-23
11,22,14,verano,2017-04-24
27,33,1,verano,2017-04-25
31,22,21,abrigada,2017-04-26
24,21,21,verano,2017-04-27
5,14,36,normal,2017-04-28
32,7,4,normal,2017-04-29
38,3,5,normal,2017-04-30
31,29,34,verano,2017-05-01
39,15,12,normal,2017-05-02
29,18,16,abrigada,2017-05-03
18,27,25,verano,2017-05-04
36,25,22,normal,2017-05-05
8,11,0,abrigada,2017-05-06
0,33,31,abrigada,2017-05-07
24,39,0,normal,2017-05-08
15,38,4,abrigada,2017-05-09
21,28,2,normal,2017-05-10
11,25,15,abrigada,2017-05-11
36,21,28,verano,2017-05-12
13,27,4,verano,2017-05-13
29,4,11,verano,2017-05-14
15,25,25,verano,2017-05-15
20,38,35,verano,2017-05-16
32,29,36,normal,2017-05-17
22,9,4,verano,2017-05-18
35,33,30,verano,2017-05-19
9,18,31,verano,2017-05-20
0,4,3,verano,2017-05-21
15,23,15,abrigada,2017-05-22
1,27,31,verano,2017-05-23
26,19,23,verano,2017-05-24
11,34,32,normal,2017-05-25
32,36,11,abrigada,2017-05-26
2,0,32,normal,2017-05-27
39,9,28,verano,2017-05-28
12,11,30,normal,2017-05-29
1,34,22,normal,2017-05-30
16,25,7,verano,2017-05-31
28,25,9,abrigada,2017-06-01
25,33,6,abrigada,2017-06-02
3,10,28,normal,2017-06-03
35,24,20,verano,2017-06-04
35,9,36,normal,2017-06-05
8,23,34,normal,2017-06-06
34,35,17,normal,2017-06-07
38,31,23,verano,2017-06-08
22,31,36,verano,2017-06-09
11,12,22,abrigada,2017-06-10
24,34,29,verano,2017-06-11
16,19,24,normal,2017-06-12
21,12,18,normal,2017-06-13
35,11,18,abrigada,2017-06-14
11,8,6,verano,2017-06-15
27,13,30,normal,2017-06-16
18,15,4,abrigada,2017-06-17
34,11,24,abrigada,2017-06-18
20,35,22,normal,2017-06-19
15,38,38,normal,2017-06-20
13,30,4,verano,2017-06-21
34,22,28,abrigada,2017-06-22
10,17,11,normal,2017-06-23
8,9,16,abrigada,2017-06-24
37,6,12,verano,2017-06-25
39,8,26,normal,2017-06-26
1,4,28,verano,2017-06-27
36,37,18,abrigada,2017-06-28
7,0,21,verano,2017-06-29
16,6,24,verano,2017-06-30
3,35,5,abrigada,2017-07-01
30,18,38,verano,2017-07-02
26,9,25,abrigada,2017-07-03
18,38,2,normal,2017-07-04
12,27,19,abrigada,2017-07-05
27,7,38,abrigada,2017-07-06
0,2,12,normal,2017-07-07
27,24,32,abrigada,2017-07-08
37,5,31,normal,2017-07-09
20,15,20,normal,2017-07-10
10,36,35,abrigada,2017-07-11
34,18,19,verano,2017-07-12
17,13,14,verano,2017-07-13
30,0,2,normal,2017-07-14
15,22,10,verano,2017-07-15
11,9,31,verano,2017-07-16
15,7,37,abrigada,2017-07-17
11,23,27,normal,2017-07-18
7,27,35,normal,2017-07-19
25,7,27,abrigada,2017-07-20
27,36,35,verano,2017-07-21
26,16,8,normal,2017-07-22
32,19,12,verano,2017-07-23
27,28,12,normal,2017-07-24
34,5,17,normal,2017-07-25
4,24,1,normal,2017-07-26
9,29,4,normal,2017-07-27
32,0,17,verano,2017-07-28
31,10,20,verano,2017-07-29
25,24,21,verano,2017-07-30
26,12,32,verano,2017-07-31
33,34,0,abrigada,2017-08-01
20,5,27,normal,2017-08-02
16,4,30,normal,2017-08-03
4,37,2,normal,2017-08-04
22,36,36,abrigada,2017-08-05
9,9,18,verano,2017-08-06
16,20,13,normal,2017-08-07
8,0,12,verano,2017-08-08
3,0,39,verano,2017-08-09
31,33,27,abrigada,2017-08-10
30,7,38,abrigada,2017-08-11
25,33,2,verano,2017-08-12
11,0,4,normal,2017-08-13
29,29,16,normal,2017-08-14
22,14,36,abrigada,2017-08-15
20,13,1,abrigada,2017-08-16
10,38,37,abrigada,2017-08-17
33,37,33,abrigada,2017-08-18
17,29,14,abrigada,2017-08-19
26,33,37,abrigada,2017-08-20
32,23,14,abrigada,2017-08-21
29,16,4,normal,2017-08-22
28,3,9,abrigada,2017-08-23
16,9,16,abrigada,2017-08-24
19,23,4,normal,2017-08-25
33,5,1,normal,2017-08-26
12,10,22,verano,2017-08-27
15,30,10,abrigada,2017-08-28
15,7,3,abrigada,2017-08-29
39,3,24,abrigada,2017-08-30
2,31,2,abrigada,2017-08-31
26,28,31,verano,2017-09-01
18,20,4,normal,2017-09-02
17,27,21,normal,2017-09-03
20,5,0,abrigada,2017-09-04
4,11,25,abrigada,2017-09-05
33,13,25,abrigada,2017-09-06
26,8,25,verano,2017-09-07
21,29,16,verano,2017-09-08
25,35,0,normal,2017-09-09
7,34,14,abrigada,2017-09-10
21,13,25,abrigada,2017-09-11
27,22,13,abrigada,2017-09-12
23,1,25,abrigada,2017-09-13
13,6,2,verano,2017-09-14
22,17,37,normal,2017-09-15
34,14,24,normal,2017-09-16
36,27,9,verano,2017-09-17
38,16,38,abrigada,2017-09-18
21,25,24,normal,2017-09-19
16,12,19,normal,2017-09-20
24,3,9,verano,2017-09-21
2,17,35,abrigada,2017-09-22
21,33,7,normal,2017-09-23
39,18,36,abrigada,2017-09-24
5,25,33,normal,2017-09-25
5,36,32,verano,2017-09-26
21,20,5,abrigada,2017-09-27
5,3,29,verano,2017-09-28
10,29,30,normal,2017-09-29
23,8,2,verano,2017-09-30
30,39,36,verano,2017-10-01
35,23,30,verano,2017-10-02
5,1,19,normal,2017-10-03
27,10,3,abrigada,2017-10-04
14,5,29,verano,2017-10-05
37,1,14,abrigada,2017-10-06
10,7,25,normal,2017-10-07
4,5,25,abrigada,2017-10-08
3,18,19,verano,2017-10-09
32,19,11,verano,2017-10-10
0,25,13,verano,2017-10-11
37,36,10,verano,2017-10-12
35,12,2,verano,2017-10-13
32,5,9,verano,2017-10-14
4,22,9,normal,2017-10-15
1,12,39,normal,2017-10-16
1,19,0,normal,2017-10-17
36,8,16,abrigada,2017-10-18
8,10,14,abrigada,2017-10-19
23,37,34,normal,2017-10-20
29,30,4,abrigada,2017-10-21
13,10,8,abrigada,2017-10-22
33,11,34,verano,2017-10-23
34,0,39,verano,2017-10-24
21,28,7,abrigada,2017-10-25
10,36,13,abrigada,2017-10-26
29,34,20,normal,2017-10-27
36,4,18,abrigada,2017-10-28
13,25,3,verano,2017-10-29
24,24,17,abrigada,2017-10-30
39,7,38,normal,2017-10-31
39,13,31,verano,2017-11-01
37,32,22,verano,2017-11-02
14,32,24,verano,2017-11-03
16,32,1,verano,2017-11-04
13,39,39,abrigada,2017-11-05
38,5,5,normal,2017-11-06
2,6,7,abrigada,2017-11-07
14,28,32,abrigada,2017-11-08
29,38,26,verano,2017-11-09
35,28,37,normal,2017-11-10
32,36,26,verano,2017-11-11
32,3,21,abrigada,2017-11-12
1,9,4,abrigada,2017-11-13
9,32,37,verano,2017-11-14
12,30,35,abrigada,2017-11-15
23,14,28,abrigada,2017-11-16
7,4,28,verano,2017-11-17
3,11,1,abrigada,2017-11-18
26,30,35,normal,2017-11-19
35,25,26,verano,2017-11-20
4,19,10,normal,2017-11-21
9,39,37,abrigada,2017-11-22
5,7,22,abrigada,2017-11-23
25,11,25,verano,2017-11-24
12,39,17,abrigada,2017-11-25
24,32,39,verano,2017-11-26
11,35,3,verano,2017-11-27
4,36,7,verano,2017-11-28
27,30,8,verano,2017-11-29
28,13,39,verano,2017-11-30
21,10,22,normal,2017-12-01
0,36,20,verano,2017-12-02
25,35,22,normal,2017-12-03
0,39,14,abrigada,2017-12-04
20,8,8,verano,2017-12-05
9,25,34,abrigada,2017-12-06
24,25,10,verano,2017-12-07
37,1,6,normal,2017-12-08
17,26,33,normal,2017-12-09
26,16,23,normal,2017-12-10
24,6,5,abrigada,2017-12-11
23,32,28,verano,2017-12-12
21,25,27,abrigada,2017-12-13
20,6,16,normal,2017-12-14
19,19,21,abrigada,2017-12-15
27,39,6,normal,2017-12-16
0,31,12,normal,2017-12-17
29,22,18,normal,2017-12-18
31,29,28,verano,2017-12-19
28,29,15,verano,2017-12-20
39,18,17,normal,2017-12-21
0,13,1,abrigada,2017-12-22
27,29,37,abrigada,2017-12-23
3,0,7,verano,2017-12-24
28,38,2,normal,2017-12-25
31,9,9,abrigada,2017-12-26
18,33,32,normal,2017-12-27
22,27,31,abrigada,2017-12-28
6,28,7,verano,2017-12-29
0,2,23,normal,2017-12-30
22,7,36,normal,2017-12-31
2,32,27,abrigada,2018-01-01
7,33,34,abrigada,2018-01-02
31,23,13,abrigada,2018-01-03
31,15,3,normal,2018-01-04
36,20,13,verano,2018-01-05
30,17,6,verano,2018-01-06
9,6,32,abrigada,2018-01-07
22,20,18,verano,2018-01-08
18,35,28,abrigada,2018-01-09
17,1,0,verano,2018-01-10
4,19,10,normal,2018-01-11
1,2,22,abrigada,2018-01-12
11,19,4,verano,2018-01-13
36,37,29,normal,2018-01-14
8,33,34,verano,2018-01-15
21,23,16,normal,2018-01-16
9,29,22,normal,2018-01-17
31,16,16,verano,2018-01-18
13,8,39,verano,2018-01-19
1,24,38,normal,2018-01-20
8,21,3,normal,2018-01-21
25,28,33,normal,2018-01-22
22,36,10,abrigada,2018-01-23
5,17,20,normal,2018-01-24
35,37,33,abrigada,2018-01-25
16,36,24,normal,2018-01-26
37,11,22,abrigada,2018-01-27
21,20,26,normal,2018-01-28
30,5,26,normal,2018-01-29
39,33,11,normal,2018-01-30
6,9,16,verano,2018-01-31
25,20,27,verano,2018-02-01
1,0,35,normal,2018-02-02
25,28,20,abrigada,2018-02-03
10,39,10,abrigada,2018-02-04
35,38,39,normal,2018-02-05
34,33,23,verano,2018-02-06
21,4,32,abrigada,2018-02-07
35,19,18,verano,2018-02-08
34,16,33,abrigada,2018-02-09
8,25,1,normal,2018-02-10
8,8,39,verano,2018-02-11
16,0,24,abrigada,2018-02-12
39,24,38,normal,2018-02-13
34,2,36,normal,2018-02-14
29,37,33,normal,2018-02-15
11,18,36,verano,2018-02-16
16,9,11,verano,2018-02-17
15,23,18,normal,2018-02-18
7,30,20,verano,2018-02-19
16,22,36,abrigada,2018-02-20
15,5,7,normal,2018-02-21
24,17,24,normal,2018-02-22
11,14,25,verano,2018-02-23
25,31,9,normal,2018-02-24
15,6,16,abrigada,2018-02-25
22,25,20,verano,2018-02-26
21,6,13,verano,2018-02-27
14,6,8,normal,2018-02-28
7,22,28,normal,2018-03-01
17,30,29,normal,2018-03-02
38,34,17,verano,2018-03-03
38,16,13,normal,2018-03-04
30,23,34,abrigada,2018-03-05
33,2,36,normal,2018-03-06
39,25,22,normal,2018-03-07
38,14,3,verano,2018-03-08
28,21,24,normal,2018-03-09
12,17,32,verano,2018-03-10
15,1,34,normal,2018-03-11
33,29,12,abrigada,2018-03-12
12,17,31,abrigada,2018-03-13
31,34,38,verano,2018-03-14
28,28,15,verano,2018-03-15
9,29,24,normal,2018-03-16
38,19,4,normal,2018-03-17
0,29,2,abrigada,2018-03-18
13,29,3,normal,2018-03-19
17,36,24,abrigada,2018-03-20
0,14,8,verano,2018-03-21
14,23,3,normal,2018-03-22
11,36,36,verano,2018-03-23
5,38,23,normal,2018-03-24
10,12,33,abrigada,2018-03-25
24,6,3,verano,2018-03-26
7,19,28,verano,2018-03-27
9,33,25,normal,2018-03-28
2,5,4,verano,2018-03-29
4,22,8,abrigada,2018-03-30
34,19,34,verano,2018-03-31
17,16,23,verano,2018-04-01
2,31,34,normal,2018-04-02
37,12,24,verano,2018-04-03
8,3,13,normal,2018-04-04
36,33,10,normal,2018-04-05
2,27,28,verano,2018-04-06
8,2,24,abrigada,2018-04-07
33,11,8,normal,2018-04-08
14,39,24,verano,2018-04-09
4,10,33,normal,2018-04-10
23,14,37,abrigada,2018-04-11
7,4,25,abrigada,2018-04-12
17,5,36,normal,2018-04-13
12,27,4,abrigada,2018-04-14
12,16,39,verano,2018-04-15
31,28,2,verano,2018-04-16
39,33,39,normal,2018-04-17
26,12,32,abrigada,2018-04-18
5,23,18,verano,2018-04-19
15,39,27,verano,2018-04-20
32,12,24,verano,2018-04-21
35,26,37,normal,2018-04-22
6,4,30,normal,2018-04-23
22,9,31,verano,2018-04-24
29,38,30,verano,2018-04-25
17,35,1,abrigada,2018-04-26
13,12,28,abrigada,2018-04-27
11,38,1,abrigada,2018-04-28
31,12,26,normal,2018-04-29
16,39,30,verano,2018-04-30
33,23,34,normal,2018-05-01
5,18,29,verano,2018-05-02
6,9,31,abrigada,2018-05-03
33,27,14,abrigada,2018-05-04
29,36,28,abrigada,2018-05-05
21,3,19,abrigada,2018-05-06
31,35,3,verano,2018-05-07
26,16,11,abrigada,2018-05-08
21,16,9,verano,2018-05-09
0,21,25,verano,2018-05-10
17,13,28,normal,2018-05-11
11,35,34,abrigada,2018-05-12
11,6,28,abrigada,2018-05-13
10,32,5,normal,2018-05-14
14,31,10,verano,2018-05-15
22,25,33,abrigada,2018-05-16
33,28,3,verano,2018-05-17
16,34,12,normal,2018-05-18
38,14,28,verano,2018-05-19
28,10,31,abrigada,2018-05-20
1,13,19,verano,2018-05-21
21,10,26,verano,2018-05-22
2,16,27,abrigada,2018-05-23
28,20,15,abrigada,2018-05-24
36,19,5,verano,2018-05-25
18,4,2,verano,2018-05-26
0,37,14,normal,2018-05-27
33,34,24,abrigada,2018-05-28
23,11,17,verano,2018-05-29
14,15,26,abrigada,2018-05-30
7,24,16,normal,2018-05-31
28,7,14,verano,2018-06-01
26,6,2,verano,2018-06-02
28,23,2,verano,2018-06-03
19,14,24,abrigada,2018-06-04
29,13,6,normal,2018-06-05
16,19,35,abrigada,2018-06-06
8,37,21,verano,2018-06-07
1,23,7,normal,2018-06-08
10,12,16,verano,2018-06-09
7,20,17,verano,2018-06-10
29,17,30,abrigada,2018-06-11
37,31,10,verano,2018-06-12
24,32,37,normal,2018-06-13
7,10,21,verano,2018-06-14
23,16,11,verano,2018-06-15
31,14,15,abrigada,2018-06-16
21,27,19,normal,2018-06-17
32,9,39,abrigada,2018-06-18
31,32,1,verano,2018-06-19
32,32,12,abrigada,2018-06-20
29,32,12,abrigada,2018-06-21
25,21,38,abrigada,2018-06-22
1,37,38,abrigada,2018-06-23
25,14,33,verano,2018-06-24
39,10,2,verano,2018-06-25
5,8,5,normal,2018-06-26
8,38,30,abrigada,2018-06-27
31,11,7,abrigada,2018-06-28
7,27,19,normal,2018-06-29
6,10,19,abrigada,2018-06-30
15,3,5,normal,2018-07-01
21,25,2,verano,2018-07-02
13,10,17,normal,2018-07-03
11,22,11,abrigada,2018-07-04
12,24,18,normal,2018-07-05
35,7,28,verano,2018-07-06
31,17,5,abrigada,2018-07-07
17,18,21,verano,2018-07-08
36,31,2,verano,2018-07-09
27,9,34,normal,2018-07-10
28,14,32,verano,2018-07-11
6,11,29,abrigada,2018-07-12
20,30,23,verano,2018-07-13
19,36,3,verano,2018-07-14
27,19,23,normal,2018-07-15
31,35,33,verano,2018-07-16
35,1,14,normal,2018-07-17
33,35,5,normal,2018-07-18
38,11,2,abrigada,2018-07-19
17,39,20,abrigada,2018-07-20
14,32,34,abrigada,2018-07-21
25,7,35,abrigada,2018-07-22
29,22,13,normal,2018-07-23
13,1,36,verano,2018-07-24
4,37,13,abrigada,2018-07-25
38,24,19,abrigada,2018-07-26
1,38,5,abrigada,2018-07-27
16,24,27,verano,2018-07-28
1,34,36,abrigada,2018-07-29
4,0,39,verano,2018-07-30
11,35,22,normal,2018-07-31
30,10,9,normal,2018-08-01
2,13,15,normal,2018-08-02
9,28,9,verano,2018-08-03
11,29,0,abrigada,2018-08-04
4,19,7,abrigada,2018-08-05
11,0,19,abrigada,2018-08-06
27,36,36,abrigada,2018-08-07
11,36,27,abrigada,2018-08-08
14,5,19,verano,2018-08-09
13,1,8,normal,2018-08-10
36,19,25,abrigada,2018-08-11
28,0,34,normal,2018-08-12
5,36,4,verano,2018-08-13
32,13,11,verano,2018-08-14
19,23,33,abrigada,2018-08-15
24,28,38,verano,2018-08-16
30,22,37,normal,2018-08-17
19,22,15,abrigada,2018-08-18
7,20,0,abrigada,2018-08-19
7,28,31,normal,2018-08-20
37,4,21,abrigada,2018-08-21
33,0,25,abrigada,2018-08-22
9,29,17,normal,2018-08-23
16,25,7,abrigada,2018-08-24
39,11,26,abrigada,2018-08-25
7,24,3,normal,2018-08-26
32,0,18,verano,2018-08-27
30,15,13,normal,2018-08-28
4,25,27,abrigada,2018-08-29
1,5,8,normal,2018-08-30
32,24,12,abrigada,2018-08-31
8,12,30,abrigada,2018-09-01
10,3,33,normal,2018-09-02
37,3,37,abrigada,2018-09-03
18,5,33,verano,2018-09-04
17,12,22,abrigada,2018-09-05
18,10,0,normal,2018-09-06
23,6,24,verano,2018-09-07
20,14,0,verano,2018-09-08
11,6,14,abrigada,2018-09-09
20,18,28,normal,2018-09-10
24,32,31,abrigada,2018-09-11
34,37,25,abrigada,2018-09-12
10,34,7,normal,2018-09-13
13,9,1,normal,2018-09-14
8,2,20,abrigada,2018-09-15
25,7,1,verano,2018-09-16
5,27,28,abrigada,2018-09-17
25,24,11,verano,2018-09-18
4,33,36,abrigada,2018-09-19
14,35,14,normal,2018-09-20
22,5,20,verano,2018-09-21
22,15,14,normal,2018-09-22
24,35,10,normal,2018-09-23
14,3,20,normal,2018-09-24
12,21,18,normal,2018-09-25
33,13,3,normal,2018-09-26
26,28,27,abrigada,2018-09-27
34,7,15,verano,2018-09-28
35,29,17,abrigada,2018-09-29
1,12,3,abrigada,2018-09-30
25,24,29,abrigada,2018-10-01
10,6,30,normal,2018-10-02
9,38,12,abrigada,2018-10-03
30,6,35,verano,2018-10-04
19,3,6,abrigada,2018-10-05
0,12,21,normal,2018-10-06
20,21,27,verano,2018-10-07
8,25,8,verano,2018-10-08
14,9,23,verano,2018-10-09
7,23,15,verano,2018-10-10
25,26,36,abrigada,2018-10-11
3,23,18,normal,2018-10-12
35,38,9,verano,2018-10-13
24,17,18,verano,2018-10-14
35,9,32,normal,2018-10-15
4,34,33,abrigada,2018-10-16
32,20,16,verano,2018-10-17
21,36,14,abrigada,2018-10-18
34,27,6,abrigada,2018-10-19
31,10,9,abrigada,2018-10-20
8,13,12,abrigada,2018-10-21
24,1,34,verano,2018-10-22
6,20,17,verano,2018-10-23
2,38,10,abrigada,2018-10-24
38,23,18,abrigada,2018-10-25
3,25,37,normal,2018-10-26
31,38,35,normal,2018-10-27
39,36,32,normal,2018-10-28
35,2,8,verano,2018-10-29
7,32,5,normal,2018-10-30
38,3,12,verano,2018-10-31
1,4,26,verano,2018-11-01
31,20,7,verano,2018-11-02
37,7,2,verano,2018-11-03
2,21,5,normal,2018-11-04
1,22,1,abrigada,2018-11-05
37,16,34,abrigada,2018-11-06
33,22,29,abrigada,2018-11-07
7,21,35,normal,2018-11-08
4,12,28,abrigada,2018-11-09
30,15,29,normal,2018-11-10
15,11,16,normal,2018-11-11
15,11,7,normal,2018-11-12
19,2,15,abrigada,2018-11-13
29,22,27,abrigada,2018-11-14
39,4,19,abrigada,2018-11-15
39,0,29,verano,2018-11-16
20,19,5,normal,2018-11-17
21,17,7,verano,2018-11-18
38,31,32,normal,2018-11-19
15,11,37,abrigada,2018-11-20
33,13,35,normal,2018-11-21
32,22,1,normal,2018-11-22
20,1,26,verano,2018-11-23
8,0,10,normal,2018-11-24
2,22,25,abrigada,2018-11-25
3,17,5,normal,2018-11-26
34,21,14,normal,2018-11-27
21,36,11,normal,2018-11-28
37,17,34,verano,2018-11-29
29,23,29,normal,2018-11-30
13,5,2,normal,2018-12-01
15,6,13,verano,2018-12-02
8,14,20,verano,2018-12-03
34,1,26,verano,2018-12-04
1,34,17,verano,2018-12-05
13,19,17,abrigada,2018-12-06
9,24,1,abrigada,2018-12-07
24,32,35,normal,2018-12-08
30,13,0,abrigada,2018-12-09
15,2,34,normal,2018-12-10
5,24,12,abrigada,2018-12-11
33,7,20,verano,2018-12-12
33,3,24,verano,2018-12-13
14,3,11,abrigada,2018-12-14
31,31,27,abrigada,2018-12-15
12,30,13,normal,2018-12-16
19,17,28,normal,2018-12-17
5,31,28,normal,2018-12-18
1,22,18,verano,2018-12-19
30,4,18,verano,2018-12-20
33,9,24,verano,2018-12-21
1,10,30,verano,2018-12-22
14,8,22,normal,2018-12-23
18,8,34,verano,2018-12-24
20,8,27,verano,2018-12-25
6,15,15,verano,2018-12-26
32,3,3,verano,2018-12-27
38,39,16,abrigada,2018-12-28
36,38,28,normal,2018-12-29
35,37,38,normal,2018-12-30
36,34,6,verano,2018-12-31
26,27,21,abrigada,2019-01-01
13,6,36,normal,2019-01-02
21,4,1,normal,2019-01-03
26,20,37,verano,2019-01-04
14,20,9,verano,2019-01-05
22,38,4,normal,2019-01-06
0,12,20,normal,2019-01-07
25,20,17,abrigada,2019-01-08
36,31,35,normal,2019-01-09
16,34,10,normal,2019-01-10
20,25,3,verano,2019-01-11
33,17,39,normal,2019-01-12
34,28,28,verano,2019-01-13
37,20,12,normal,2019-01-14
16,8,0,normal,2019-01-15
1,28,32,normal,2019-01-16
9,39,20,abrigada,2019-01-17
27,10,33,verano,2019-01-18
7,21,7,abrigada,2019-01-19
14,16,22,normal,2019-01-20
23,18,4,abrigada,2019-01-21
31,0,22,verano,2019-01-22
36,7,12,normal,2019-01-23
7,22,0,abrigada,2019-01-24
23,34,23,abrigada,2019-01-25
16,4,19,verano,2019-01-26
20,39,30,abrigada,2019-01-27
35,10,14,verano,2019-01-28
18,6,27,normal,2019-01-29
4,4,29,normal,2019-01-30
31,7,9,abrigada,2019-01-31
37,31,27,normal,2019-02-01
16,30,7,normal,2019-02-02
39,24,8,abrigada,2019-02-03
1,14,2,normal,2019-02-04
35,3,13,abrigada,2019-02-05
24,9,20,verano,2019-02-06
35,11,26,verano,2019-02-07
39,1,12,verano,2019-02-08
31,30,15,abrigada,2019-02-09
31,31,33,abrigada,2019-02-10
10,9,14,normal,2019-02-11
16,39,17,normal,2019-02-12
8,24,39,normal,2019-02-13
13,24,21,normal,2019-02-14
29,19,20,normal,2019-02-15
31,20,34,abrigada,2019-02-16
31,29,38,abrigada,2019-02-17
11,17,20,verano,2019-02-18
12,20,7,verano,2019-02-19
39,6,22,verano,2019-02-20
31,10,21,verano,2019-02-21
21,24,21,abrigada,2019-02-22
27,28,12,abrigada,2019-02-23
17,1,28,abrigada,2019-02-24
20,14,26,normal,2019-02-25
30,14,22,normal,2019-02-26
23,12,21,verano,2019-02-27
36,32,2,normal,2019-02-28
18,22,28,abrigada,2019-03-01
29,38,24,verano,2019-03-02
36,7,15,verano,2019-03-03
7,0,4,normal,2019-03-04
2,0,3,verano,2019-03-05
39,34,31,normal,2019-03-06
33,24,9,normal,2019-03-07
20,38,26,verano,2019-03-08
26,1,12,normal,2019-03-09
8,35,21,normal,2019-03-10
25,11,16,normal,2019-03-11
13,13,33,normal,2019-03-12
19,10,15,verano,2019-03-13
30,5,18,abrigada,2019-03-14
36,3,3,abrigada,2019-03-15
19,9,23,normal,2019-03-16
34,25,36,normal,2019-03-17
37,20,39,normal,2019-03-18
38,20,9,abrigada,2019-03-19
37,3,19,normal,2019-03-20
16,6,3,verano,2019-03-21
28,13,2,verano,2019-03-22
23,36,15,verano,2019-03-23
3,23,33,abrigada,2019-03-24
29,17,18,normal,2019-03-25
30,18,18,normal,2019-03-26
21,23,11,normal,2019-03-27
29,37,30,abrigada,2019-03-28
35,18,35,abrigada,2019-03-29
29,32,17,abrigada,2019-03-30
27,10,32,abrigada,2019-03-31
16,5,3,verano,2019-04-01
19,26,14,abrigada,2019-04-02
5,13,10,abrigada,2019-04-03
38,8,25,abrigada,2019-04-04
15,4,9,normal,2019-04-05
2,12,29,normal,2019-04-06
5,16,18,normal,2019-04-07
34,25,4,verano,2019-04-08
28,36,19,verano,2019-04-09
20,9,4,abrigada,2019-04-10
35,5,25,normal,2019-04-11
3,38,38,verano,2019-04-12
34,0,23,normal,2019-04-13
35,5,30,verano,2019-04-14
19,23,24,verano,2019-04-15
35,20,29,abrigada,2019-04-16
23,29,21,abrigada,2019-04-17
27,6,34,verano,2019-04-18
27,13,9,abrigada,2019-04-19
15,15,30,verano,2019-04-20
24,12,5,verano,2019-04-21
8,35,19,normal,2019-04-22
17,20,3,abrigada,2019-04-23
32,26,6,abrigada,2019-04-24
5,14,17,abrigada,2019-04-25
31,10,19,normal,2019-04-26
23,14,6,normal,2019-04-27
20,25,13,normal,2019-04-28
36,20,17,abrigada,2019-04-29
4,2,22,abrigada,2019-04-30
25,36,23,abrigada,2019-05-01
18,24,20,normal,2019-05-02
11,32,3,normal,2019-05-03
6,21,32,verano,2019-05-04
16,23,33,normal,2019-05-05
27,38,21,verano,2019-05-06
16,33,5,abrigada,2019-05-07
5,33,0,normal,2019-05-08
9,20,4,abrigada,2019-05-09
1,21,1,abrigada,2019-05-10
9,33,15,abrigada,2019-05-11
38,21,11,abrigada,2019-05-12
23,39,37,normal,2019-05-13
9,34,31,abrigada,2019-05-14
6,20,19,verano,2019-05-15
25,3,21,normal,2019-05-16
14,39,20,abrigada,2019-05-17
14,21,27,normal,2019-05-18
13,26,39,verano,2019-05-19
27,25,1,abrigada,2019-05-20
24,2,7,verano,2019-05-21
32,34,5,abrigada,2019-05-22
38,22,24,verano,2019-05-23
18,4,10,abrigada,2019-05-24
11,9,7,normal,2019-05-25
23,27,35,abrigada,2019-05-26
36,20,7,normal,2019-05-27
8,14,39,abrigada,2019-05-28
17,19,5,abrigada,2019-05-29
11,1,6,verano,2019-05-30
15,2,2,verano,2019-05-31
26,39,37,verano,2019-06-01
32,27,0,abrigada,2019-06-02
7,36,31,abrigada,2019-06-03
36,3,29,abrigada,2019-06-04
5,18,31,normal,2019-06-05
8,11,10,normal,2019-06-06
15,0,20,abrigada,2019-06-07
29,12,33,verano,2019-06-08
3,27,37,verano,2019-06-09
30,26,4,verano,2019-06-10
24,2,32,abrigada,2019-06-11
3,24,19,verano,2019-06-12
33,25,4,abrigada,2019-06-13
34,27,28,normal,2019-06-14
8,37,5,verano,2019-06-15
18,10,1,normal,2019-06-16
8,20,23,verano,2019-06-17
33,21,2,abrigada,2019-06-18
11,27,29,abrigada,2019-06-19
25,20,27,abrigada,2019-06-20
25,32,20,abrigada,2019-06-21
34,33,17,verano,2019-06-22
10,22,21,normal,2019-06-23
16,4,10,abrigada,2019-06-24
29,14,26,verano,2019-06-25
34,32,19,normal,2019-06-26
15,33,1,abrigada,2019-06-27
34,39,27,normal,2019-06-28
38,5,8,abrigada,2019-06-29
19,0,7,normal,2019-06-30
22,2,3,normal,2019-07-01
24,37,14,abrigada,2019-07-02
20,34,13,verano,2019-07-03
35,11,16,normal,2019-07-04
38,8,34,abrigada,2019-07-05
12,14,17,normal,2019-07-06
32,5,26,normal,2019-07-07
22,26,33,verano,2019-07-08
37,13,35,normal,2019-07-09
7,34,18,normal,2019-07-10
29,13,19,abrigada,2019-07-11
24,39,23,abrigada,2019-07-12
13,25,37,verano,2019-07-13
22,21,18,normal,2019-07-14
2,18,8,normal,2019-07-15
27,19,6,normal,2019-07-16
13,8,18,verano,2019-07-17
13,37,35,normal,2019-07-18
39,16,29,abrigada,2019-07-19
8,32,24,verano,2019-07-20
13,10,34,abrigada,2019-07-21
13,29,3,abrigada,2019-07-22
3,27,7,verano,2019-07-23
1,21,15,abrigada,2019-07-24
28,29,11,normal,2019-07-25
34,10,20,verano,2019-07-26
20,4,19,abrigada,2019-07-27
36,2,32,normal,2019-07-28
8,8,3,normal,2019-07-29
34,16,33,abrigada,2019-07-30
23,31,0,normal,2019-07-31
7,22,39,verano,2019-08-01
11,11,14,abrigada,2019-08-02
18,25,28,normal,2019-08-03
21,39,20,normal,2019-08-04
37,19,28,abrigada,2019-08-05
3,6,27,abrigada,2019-08-06
27,3,21,abrigada,2019-08-07
11,2,21,abrigada,2019-08-08
1,23,33,verano,2019-08-09
26,0,7,abrigada,2019-08-10
22,37,5,verano,2019-08-11
21,24,17,verano,2019-08-12
16,11,5,abrigada,2019-08-13
25,26,7,verano,2019-08-14
18,0,28,abrigada,2019-08-15
34,39,13,abrigada,2019-08-16
34,19,12,normal,2019-08-17
37,7,19,abrigada,2019-08-18
32,25,38,normal,2019-08-19
20,8,23,verano,2019-08-20
36,16,23,normal,2019-08-21
20,38,38,verano,2019-08-22
12,10,18,abrigada,2019-08-23
10,12,0,verano,2019-08-24
39,18,11,verano,2019-08-25
7,7,11,abrigada,2019-08-26
32,25,38,verano,2019-08-27
27,4,7,abrigada,2019-08-28
24,26,22,normal,2019-08-29
29,22,19,abrigada,2019-08-30
17,17,1,abrigada,2019-08-31
3,29,32,verano,2019-09-01
35,17,36,normal,2019-09-02
18,27,39,abrigada,2019-09-03
19,32,11,normal,2019-09-04
14,38,1,normal,2019-09-05
28,9,1,verano,2019-09-06
10,12,9,abrigada,2019-09-07
13,17,8,verano,2019-09-08
38,27,2,abrigada,2019-09-09
19,5,26,normal,2019-09-10
1,28,37,abrigada,2019-09-11
2,15,29,abrigada,2019-09-12
39,1,16,normal,2019-09-13
11,34,0,normal,2019-09-14
14,25,36,abrigada,2019-09-15
20,30,24,verano,2019-09-16
22,23,37,abrigada,2019-09-17
27,20,17,normal,2019-09-18
35,34,8,verano,2019-09-19
37,29,33,normal,2019-09-20
31,2,2,normal,2019-09-21
27,14,22,verano,2019-09-22
39,10,31,normal,2019-09-23
35,32,23,normal,2019-09-24
38,33,27,normal,2019-09-25
36,6,3,normal,2019-09-26
36,0,0,normal,2019-09-27
19,18,28,normal,2019-09-28
9,17,27,normal,2019-09-29
34,30,26,normal,2019-09-30
10,37,4,normal,2019-10-01
7,33,11,abrigada,2019-10-02
37,0,30,abrigada,2019-10-03
3,4,29,normal,2019-10-04
23,2,10,abrigada,2019-10-05
3,25,26,verano,2019-10-06
26,5,14,abrigada,2019-10-07
29,36,36,normal,2019-10-08
36,34,22,normal,2019-10-09
5,3,17,abrigada,2019-10-10
8,28,12,normal,2019-10-11
16,31,21,verano,2019-10-12
3,4,36,verano,2019-10-13
12,33,21,normal,2019-10-14
22,2,33,verano,2019-10-15
31,20,20,verano,2019-10-16
10,38,3,abrigada,2019-10-17
0,27,23,verano,2019-10-18
34,12,33,abrigada,2019-10-19
10,35,16,normal,2019-10-20
34,17,39,abrigada,2019-10-21
21,23,18,normal,2019-10-22
36,38,20,normal,2019-10-23
7,27,4,normal,2019-10-24
16,36,35,normal,2019-10-25
18,26,33,normal,2019-10-26
10,11,20,abrigada,2019-10-27
10,38,27,normal,2019-10-28
4,16,19,verano,2019-10-29
11,5,16,verano,2019-10-30
18,25,31,normal,2019-10-31
5,35,37,verano,2019-11-01
10,32,23,abrigada,2019-11-02
22,14,26,abrigada,2019-11-03
10,16,13,normal,2019-11-04
26,17,27,normal,2019-11-05
3,6,34,normal,2019-11-06
8,7,16,verano,2019-11-07
16,32,31,verano,2019-11-08
7,18,37,abrigada,2019-11-09
2,4,12,verano,2019-11-10
30,15,31,abrigada,2019-11-11
21,28,21,verano,2019-11-12
2,9,20,abrigada,2019-11-13
15,11,1,normal,2019-11-14
23,34,29,verano,2019-11-15
29,34,18,abrigada,2019-11-16
7,25,39,verano,2019-11-17
6,29,6,normal,2019-11-18
2,0,35,abrigada,2019-11-19
24,36,0,verano,2019-11-20
14,36,12,verano,2019-11-21
39,7,4,normal,2019-11-22
8,0,35,normal,2019-11-23
34,1,39,abrigada,2019-11-24
22,8,33,verano,2019-11-25
13,3,29,verano,2019-11-26
30,37,10,normal,2019-11-27
34,7,2,normal,2019-11-28
13,12,31,abrigada,2019-11-29
33,18,37,verano,2019-11-30
15,1,39,verano,2019-12-01
16,33,15,abrigada,2019-12-02
37,1,1,abrigada,2019-12-03
25,12,30,normal,2019-12-04
33,38,2,normal,2019-12-05
7,22,13,abrigada,2019-12-06
26,28,38,abrigada,2019-12-07
38,0,16,verano,2019-12-08
29,12,20,abrigada,2019-12-09
18,18,24,abrigada,2019-12-10
21,30,16,verano,2019-12-11
22,31,9,abrigada,2019-12-12
9,35,7,normal,2019-12-13
19,31,13,normal,2019-12-14
27,23,14,verano,2019-12-15
21,29,3,abrigada,2019-12-16
12,22,7,normal,2019-12-17
17,11,30,normal,2019-12-18
13,33,17,normal,2019-12-19
33,10,11,normal,2019-12-20
14,30,28,abrigada,2019-12-21
25,17,31,abrigada,2019-12-22
21,37,16,abrigada,2019-12-23
22,23,7,abrigada,2019-12-24
5,4,28,normal,2019-12-25
27,10,0,verano,2019-12-26
18,8,26,verano,2019-12-27
33,3,35,normal,2019-12-28
17,14,12,normal,2019-12-29
18,5,11,verano,2019-12-30
36,16,22,verano,2019-12-31
25,28,32,normal,2020-01-01
26,24,9,normal,2020-01-02
22,20,20,abrigada,2020-01-03
12,36,32,abrigada,2020-01-04
23,10,16,verano,2020-01-05
3,24,29,normal,2020-01-06
8,20,19,verano,2020-01-07
18,18,11,abrigada,2020-01-08
36,16,36,abrigada,2020-01-09
38,27,34,verano,2020-01-10
17,13,34,abrigada,2020-01-11
6,12,17,normal,2020-01-12
36,12,35,verano,2020-01-13
30,1,15,normal,2020-01-14
8,8,37,normal,2020-01-15
10,21,32,abrigada,2020-01-16
35,22,33,normal,2020-01-17
8,23,7,verano,2020-01-18
6,35,17,normal,2020-01-19
2,27,5,normal,2020-01-20
20,27,39,normal,2020-01-21
0,35,20,normal,2020-01-22
34,12,9,normal,2020-01-23
9,12,36,abrigada,2020-01-24
37,23,1,verano,2020-01-25
21,16,35,abrigada,2020-01-26
13,9,34,verano,2020-01-27
24,2,37,verano,2020-01-28
16,11,23,verano,2020-01-29
28,24,35,verano,2020-01-30
25,37,0,verano,2020-01-31
19,27,15,normal,2020-02-01
16,39,27,abrigada,2020-02-02
11,26,29,abrigada,2020-02-03
33,36,5,normal,2020-02-04
6,31,31,verano,2020-02-05
24,32,6,abrigada,2020-02-06
11,15,15,normal,2020-02-07
35,12,6,normal,2020-02-08
35,8,31,abrigada,2020-02-09
10,7,32,abrigada,2020-02-10
22,24,7,verano,2020-02-11
21,3,39,verano,2020-02-12
2,28,28,abrigada,2020-02-13
33,33,27,verano,2020-02-14
12,14,22,normal,2020-02-15
25,3,25,verano,2020-02-16
39,8,4,verano,2020-02-17
31,19,10,normal,2020-02-18
14,31,27,verano,2020-02-19
21,16,25,normal,2020-02-20
6,25,24,verano,2020-02-21
9,18,10,abrigada,2020-02-22
12,7,39,verano,2020-02-23
3,30,27,abrigada,2020-02-24
10,0,37,abrigada,2020-02-25
23,30,25,abrigada,2020-02-26
4,19,10,abrigada,2020-02-27
32,37,26,abrigada,2020-02-28
33,14,31,normal,2020-02-29
20,4,5,normal,2020-03-01
37,21,17,normal,2020-03-02
13,9,12,abrigada,2020-03-03
30,29,2,verano,2020-03-04
29,5,28,normal,2020-03-05
7,32,16,verano,2020-03-06
10,12,10,verano,2020-03-07
30,27,5,abrigada,2020-03-08
15,3,34,abrigada,2020-03-09
25,11,10,abrigada,2020-03-10
36,24,17,normal,2020-03-11
18,22,37,abrigada,2020-03-12
17,25,5,normal,2020-03-13
3,28,33,normal,2020-03-14
16,15,1,normal,2020-03-15
33,7,12,normal,2020-03-16
7,29,31,abrigada,2020-03-17
35,29,0,normal,2020-03-18
38,16,19,abrigada,2020-03-19
23,21,28,abrigada,2020-03-20
21,8,36,normal,2020-03-21
9,35,36,abrigada,2020-03-22
27,27,20,verano,2020-03-23
23,39,1,abrigada,2020-03-24
7,26,21,abrigada,2020-03-25
36,26,28,normal,2020-03-26
2,12,9,normal,2020-03-27
35,8,26,abrigada,2020-03-28
33,0,31,normal,2020-03-29
24,28,6,verano,2020-03-30
2,19,19,verano,2020-03-31
29,34,34,normal,2020-04-01
38,26,25,abrigada,2020-04-02
13,16,17,verano,2020-04-03
28,19,26,verano,2020-04-04
17,3,0,abrigada,2020-04-05
0,25,19,normal,2020-04-06
22,9,10,verano,2020-04-07
4,0,16,abrigada,2020-04-08
21,33,28,abrigada,2020-04-09
3,4,10,verano,2020-04-10
20,34,11,normal,2020-04-11
25,18,6,verano,2020-04-12
6,25,39,abrigada,2020-04-13
4,20,13,verano,2020-04-14
3,22,19,normal,2020-04-15
14,28,7,abrigada,2020-04-16
18,38,27,normal,2020-04-17
26,3,14,verano,2020-04-18
34,36,0,verano,2020-04-19
2,23,26,normal,2020-04-20
39,35,33,verano,2020-04-21
28,23,23,normal,2020-04-22
3,2,33,verano,2020-04-23
22,22,4,normal,2020-04-24
30,5,36,normal,2020-04-25
9,39,6,abrigada,2020-04-26
38,37,20,abrigada,2020-04-27
19,2,21,normal,2020-04-28
3,27,11,verano,2020-04-29
37,35,4,verano,2020-04-30
12,22,29,verano,2020-05-01
36,24,26,normal,2020-05-02
13,35,38,normal,2020-05-03
15,21,20,normal,2020-05-04
20,7,15,normal,2020-05-05
30,9,31,abrigada,2020-05-06
33,8,16,normal,2020-05-07
10,31,9,verano,2020-05-08
21,16,3,abrigada,2020-05-09
24,20,36,verano,2020-05-10
37,0,24,normal,2020-05-11
35,16,23,abrigada,2020-05-12
1,39,14,normal,2020-05-13
31,38,5,abrigada,2020-05-14
0,22,38,verano,2020-05-15
16,33,28,normal,2020-05-16
8,12,5,normal,2020-05-17
5,19,2,abrigada,2020-05-18
16,11,0,abrigada,2020-05-19
16,2,25,normal,2020-05-20
14,35,31,abrigada,2020-05-21
31,3,17,normal,2020-05-22
18,34,39,abrigada,2020-05-23
13,32,13,verano,2020-05-24
33,3,23,abrigada,2020-05-25
28,18,5,verano,2020-05-26
32,39,18,abrigada,2020-05-27
0,4,26,abrigada,2020-05-28
15,5,39,normal,2020-05-29
12,34,18,abrigada,2020-05-30
11,15,9,abrigada,2020-05-31
24,19,30,verano,2020-06-01
3,22,1,abrigada,2020-06-02
21,36,7,normal,2020-06-03
6,13,2,verano,2020-06-04
15,18,17,normal,2020-06-05
15,7,32,normal,2020-06-06
11,10,4,normal,2020-06-07
26,11,16,normal,2020-06-08
5,32,4,verano,2020-06-09
27,13,4,abrigada,2020-06-10
32,18,21,normal,2020-06-11
4,1,29,verano,2020-06-12
38,3,32,normal,2020-06-13
12,19,6,abrigada,2020-06-14
14,22,13,verano,2020-06-15
22,18,28,verano,2020-06-16
19,28,23,abrigada,2020-06-17
17,9,7,verano,2020-06-18
25,28,9,abrigada,2020-06-19
16,1,5,verano,2020-06-20
4,27,4,verano,2020-06-21
17,25,19,abrigada,2020-06-22
26,11,6,abrigada,2020-06-23
2,9,33,verano,2020-06-24
24,34,15,verano,2020-06-25
1,23,9,abrigada,2020-06-26
37,21,25,abrigada,2020-06-27
38,26,28,verano,2020-06-28
37,19,26,verano,2020-06-29
19,18,19,verano,2020-06-30
34,1,29,abrigada,2020-07-01
33,21,2,verano,2020-07-02
5,14,26,normal,2020-07-03
9,8,32,abrigada,2020-07-04
31,5,35,verano,2020-07-05
1,28,3,abrigada,2020-07-06
0,18,25,normal,2020-07-07
24,9,14,abrigada,2020-07-08
21,20,21,verano,2020-07-09
35,33,29,normal,2020-07-10
24,27,0,normal,2020-07-11
3,6,8,verano,2020-07-12
35,18,0,verano,2020-07-13
9,35,8,verano,2020-07-14
31,31,5,abrigada,2020-07-15
37,16,9,abrigada,2020-07-16
26,34,20,abrigada,2020-07-17
24,27,14,verano,2020-07-18
3,28,8,verano,2020-07-19
26,25,18,abrigada,2020-07-20
27,16,19,normal,2020-07-21
39,38,22,abrigada,2020-07-22
31,32,4,normal,2020-07-23
33,39,10,verano,2020-07-24
2,32,10,verano,2020-07-25
15,17,29,abrigada,2020-07-26
9,17,37,abrigada,2020-07-27
18,35,12,verano,2020-07-28
2,9,37,abrigada,2020-07-29
0,26,7,verano,2020-07-30
16,8,5,verano,2020-07-31
24,38,27,normal,2020-08-01
32,36,8,abrigada,2020-08-02
17,20,1,verano,2020-08-03
37,39,35,abrigada,2020-08-04
36,14,27,normal,2020-08-05
17,33,21,normal,2020-08-06
10,12,3,abrigada,2020-08-07
21,6,23,abrigada,2020-08-08
3,27,14,verano,2020-08-09
0,2,13,normal,2020-08-10
37,0,37,normal,2020-08-11
37,20,28,normal,2020-08-12
4,9,27,abrigada,2020-08-13
20,6,2,verano,2020-08-14
19,18,34,abrigada,2020-08-15
3,4,0,abrigada,2020-08-16
3,11,26,abrigada,2020-08-17
22,24,20,verano,2020-08-18
23,24,31,abrigada,2020-08-19
31,4,35,normal,2020-08-20
38,15,32,normal,2020-08-21
20,8,5,normal,2020-08-22
34,38,21,verano,2020-08-23
4,22,16,abrigada,2020-08-24
11,22,15,verano,2020-08-25
2,29,21,abrigada,2020-08-26
8,28,36,normal,2020-08-27
22,12,31,abrigada,2020-08-28
22,16,39,abrigada,2020-08-29
20,1,36,abrigada,2020-08-30
5,17,29,verano,2020-08-31
21,32,29,abrigada,2020-09-01
16,31,13,abrigada,2020-09-02
9,35,33,abrigada,2020-09-03
8,27,10,verano,2020-09-04
13,38,18,verano,2020-09-05
14,27,23,verano,2020-09-06
7,8,32,abrigada,2020-09-07
32,18,2,normal,2020-09-08
9,39,0,normal,2020-09-09
28,33,12,normal,2020-09-10
0,33,28,abrigada,2020-09-11
12,28,38,normal,2020-09-12
23,25,16,normal,2020-09-13
6,12,4,normal,2020-09-14
25,2,6,abrigada,2020-09-15
38,0,16,normal,2020-09-16
24,2,14,normal,2020-09-17
28,31,25,abrigada,2020-09-18
15,24,27,verano,2020-09-19
8,0,28,normal,2020-09-20
21,15,6,verano,2020-09-21
13,28,18,normal,2020-09-22
18,1,14,abrigada,2020-09-23
2,10,29,verano,2020-09-24
39,17,1,verano,2020-09-25
31,7,21,verano,2020-09-26
5,11,39,verano,2020-09-27
35,14,27,normal,2020-09-28
17,1,12,normal,2020-09-29
14,19,28,verano,2020-09-30
28,2,18,normal,2020-10-01
2,13,39,verano,2020-10-02
3,10,30,verano,2020-10-03
31,26,29,abrigada,2020-10-04
1,8,27,verano,2020-10-05
30,33,14,normal,2020-10-06
24,35,7,verano,2020-10-07
8,36,38,abrigada,2020-10-08
31,16,34,normal,2020-10-09
36,18,28,abrigada,2020-10-10
6,27,8,abrigada,2020-10-11
27,5,28,verano,2020-10-12
16,15,22,abrigada,2020-10-13
30,2,20,abrigada,2020-10-14
25,35,36,normal,2020-10-15
21,11,12,abrigada,2020-10-16
10,15,7,verano,2020-10-17
39,39,1,verano,2020-10-18
29,29,11,verano,2020-10-19
9,10,14,abrigada,2020-10-20
15,16,25,normal,2020-10-21
1,11,25,verano,2020-10-22
22,17,31,abrigada,2020-10-23
37,2,37,verano,2020-10-24
2,29,0,verano,2020-10-25
29,31,27,normal,2020-10-26
20,12,26,verano,2020-10-27
35,6,21,normal,2020-10-28
9,38,14,abrigada,2020-10-29
14,3,31,verano,2020-10-30
22,5,23,abrigada,2020-10-31
19,36,19,abrigada,2020-11-01
11,32,27,abrigada,2020-11-02
7,0,36,verano,2020-11-03
21,5,20,normal,2020-11-04
31,34,14,verano,2020-11-05
4,5,24,abrigada,2020-11-06
39,28,6,normal,2020-11-07
39,12,37,abrigada,2020-11-08
17,1,7,normal,2020-11-09
10,32,37,verano,2020-11-10
26,19,11,normal,2020-11-11
30,26,31,verano,2020-11-12
9,2,26,abrigada,2020-11-13
34,30,14,normal,2020-11-14
15,12,34,abrigada,2020-11-15
10,20,10,normal,2020-11-16
29,34,21,verano,2020-11-17
37,30,13,normal,2020-11-18
23,31,35,normal,2020-11-19
31,14,34,verano,2020-11-20
2,15,4,verano,2020-11-21
20,9,18,verano,2020-11-22
24,3,28,normal,2020-11-23
18,1,9,abrigada,2020-11-24
24,19,18,normal,2020-11-25
22,23,10,normal,2020-11-26
33,27,4,abrigada,2020-11-27
4,20,11,verano,2020-11-28
3,19,37,normal,2020-11-29
24,13,10,abrigada,2020-11-30
31,10,17,verano,2020-12-01
26,17,22,verano,2020-12-02
10,20,4,normal,2020-12-03
22,24,9,verano,2020-12-04
21,18,0,verano,2020-12-05
6,3,0,abrigada,2020-12-06
14,39,11,abrigada,2020-12-07
21,21,16,verano,2020-12-08
28,13,19,abrigada,2020-12-09
32,14,11,verano,2020-12-10
39,19,29,normal,2020-12-11
37,2,27,abrigada,2020-12-12
25,29,12,verano,2020-12-13
12,1,36,verano,2020-12-14
37,1,35,abrigada,2020-12-15
25,10,7,abrigada,2020-12-16
39,21,19,normal,2020-12-17
7,28,39,verano,2020-12-18
25,29,16,normal,2020-12-19
19,15,6,normal,2020-12-20
15,26,22,normal,2020-12-21
23,8,34,abrigada,2020-12-22
19,36,16,normal,2020-12-23
30,7,14,abrigada,2020-12-24
30,29,19,abrigada,2020-12-25
38,11,16,normal,2020-12-26
29,28,18,normal,2020-12-27
10,33,6,verano,2020-12-28
33,19,37,normal,2020-12-29
23,9,31,verano,2020-12-30
14,36,19,normal,2020-12-31
2,36,39,normal,2021-01-01
7,39,22,normal,2021-01-02
39,10,7,normal,2021-01-03
28,29,9,verano,2021-01-04
38,27,35,verano,2021-01-05
12,31,35,normal,2021-01-06
36,25,21,normal,2021-01-07
3,30,17,verano,2021-01-08
37,23,22,abrigada,2021-01-09
21,1,30,abrigada,2021-01-10
10,27,31,abrigada,2021-01-11
4,37,9,verano,2021-01-12
39,23,34,verano,2021-01-13
22,16,0,abrigada,2021-01-14
30,30,33,abrigada,2021-01-15
8,21,12,normal,2021-01-16
24,17,11,verano,2021-01-17
39,16,14,verano,2021-01-18
14,14,38,abrigada,2021-01-19
12,16,31,abrigada,2021-01-20
8,39,19,verano,2021-01-21
25,26,20,normal,2021-01-22
17,12,15,abrigada,2021-01-23
8,11,37,verano,2021-01-24
18,6,34,verano,2021-01-25
17,15,38,normal,2021-01-26
3,24,31,normal,2021-01-27
39,12,16,abrigada,2021-01-28
36,5,18,abrigada,2021-01-29
12,25,13,abrigada,2021-01-30
30,3,38,verano,2021-01-31
7,24,12,abrigada,2021-02-01
31,37,37,verano,2021-02-02
27,29,2,abrigada,2021-02-03
27,2,33,normal,2021-02-04
15,21,31,normal,2021-02-05
37,7,7,verano,2021-02-06
5,13,31,normal,2021-02-07
34,9,2,verano,2021-02-08
11,30,28,verano,2021-02-09
4,24,30,normal,2021-02-10
20,19,38,verano,2021-02-11
21,3,12,normal,2021-02-12
19,12,16,abrigada,2021-02-13
35,32,0,abrigada,2021-02-14
14,12,16,normal,2021-02-15
23,7,26,normal,2021-02-16
22,7,7,normal,2021-02-17
25,12,38,normal,2021-02-18
36,27,24,abrigada,2021-02-19
15,1,17,verano,2021-02-20
16,29,38,verano,2021-02-21
12,31,28,abrigada,2021-02-22
29,17,12,verano,2021-02-23
20,29,20,abrigada,2021-02-24
16,39,18,verano,2021-02-25
14,8,9,normal,2021-02-26
30,22,29,normal,2021-02-27
32,8,0,normal,2021-02-28
34,10,33,abrigada,2021-03-01
15,8,31,abrigada,2021-03-02
14,11,32,verano,2021-03-03
13,7,7,verano,2021-03-04
26,11,0,verano,2021-03-05
39,10,38,abrigada,2021-03-06
30,16,32,verano,2021-03-07
31,28,20,normal,2021-03-08
20,39,22,verano,2021-03-09
5,21,37,normal,2021-03-10
36,7,34,abrigada,2021-03-11
10,23,20,normal,2021-03-12
1,39,18,normal,2021-03-13
38,27,16,normal,2021-03-14
5,18,37,abrigada,2021-03-15
27,1,37,abrigada,2021-03-16
36,3,21,abrigada,2021-03-17
25,35,12,abrigada,2021-03-18
31,16,35,verano,2021-03-19
18,34,39,abrigada,2021-03-20
27,0,17,normal,2021-03-21
39,32,11,abrigada,2021-03-22
7,23,15,verano,2021-03-23
3,37,26,verano,2021-03-24
8,15,11,verano,2021-03-25
30,23,13,normal,2021-03-26
24,33,2,abrigada,2021-03-27
23,8,25,abrigada,2021-03-28
19,39,9,abrigada,2021-03-29
18,2,23,normal,2021-03-30
4,2,26,normal,2021-03-31
15,14,34,verano,2021-04-01
11,25,33,verano,2021-04-02
22,30,19,abrigada,2021-04-03
11,22,3,normal,2021-04-04
22,0,24,normal,2021-04-05
1,29,2,abrigada,2021-04-06
20,24,19,abrigada,2021-04-07
21,20,32,verano,2021-04-08
37,14,14,verano,2021-04-09
24,20,23,verano,2021-04-10
4,5,22,abrigada,2021-04-11
3,26,17,abrigada,2021-04-12
20,27,34,verano,2021-04-13
21,39,22,verano,2021-04-14
2,39,9,normal,2021-04-15
24,7,10,normal,2021-04-16
4,36,37,verano,2021-04-17
28,4,8,verano,2021-04-18
1,0,39,normal,2021-04-19
29,10,27,verano,2021-04-20
11,38,25,normal,2021-04-21
12,7,27,normal,2021-04-22
29,8,38,normal,2021-04-23
30,20,33,abrigada,2021-04-24
30,24,11,abrigada,2021-04-25
0,21,39,verano,2021-04-26
36,0,0,normal,2021-04-27
20,14,16,abrigada,2021-04-28
21,37,34,verano,2021-04-29
15,7,16,verano,2021-04-30
16,25,12,verano,2021-05-01
16,37,16,verano,2021-05-02
13,5,34,verano,2021-05-03
13,7,14,normal,2021-05-04
26,12,30,verano,2021-05-05
34,5,4,normal,2021-05-06
21,22,24,abrigada,2021-05-07
33,25,4,verano,2021-05-08
25,19,5,abrigada,2021-05-09
5,17,3,normal,2021-05-10
16,13,13,normal,2021-05-11
12,6,14,abrigada,2021-05-12
18,34,16,verano,2021-05-13
34,18,19,verano,2021-05-14
35,34,31,abrigada,2021-05-15
39,23,16,abrigada,2021-05-16
6,0,34,abrigada,2021-05-17
31,35,12,verano,2021-05-18
5,13,36,verano,2021-05-19
14,3,39,verano,2021-05-20
15,27,15,abrigada,2021-05-21
3,25,27,verano,2021-05-22
31,1,30,normal,2021-05-23
2,7,23,abrigada,2021-05-24
14,30,8,verano,2021-05-25
38,1,7,abrigada,2021-05-26
6,38,15,normal,2021-05-27
34,29,9,normal,2021-05-28
37,17,4,abrigada,2021-05-29
28,38,33,abrigada,2021-05-30
22,4,29,normal,2021-05-31
5,3,28,abrigada,2021-06-01
22,5,31,normal,2021-06-02
17,14,39,normal,2021-06-03
31,8,36,verano,2021-06-04
9,19,5,abrigada,2021-06-05
2,10,16,abrigada,2021-06-06
31,3,3,verano,2021-06-07
16,18,4,normal,2021-06-08
31,21,5,abrigada,2021-06-09
34,21,0,verano,2021-06-10
19,21,10,verano,2021-06-11
12,2,8,abrigada,2021-06-12
11,22,13,verano,2021-06-13
32,17,8,normal,2021-06-14
22,9,18,verano,2021-06-15
4,22,29,normal,2021-06-16
24,27,33,normal,2021-06-17
24,9,13,abrigada,2021-06-18
29,24,13,verano,2021-06-19
34,33,9,normal,2021-06-20
34,10,10,normal,2021-06-21
20,20,21,verano,2021-06-22
6,16,1,normal,2021-06-23
11,17,10,verano,2021-06-24
15,17,34,abrigada,2021-06-25
25,15,5,normal,2021-06-26
11,12,3,normal,2021-06-27
38,1,25,verano,2021-06-28
26,26,14,verano,2021-06-29
7,6,39,verano,2021-06-30
11,12,16,verano,2021-07-01
16,35,20,normal,2021-07-02
7,4,25,abrigada,2021-07-03
15,35,27,abrigada,2021-07-04
28,11,36,abrigada,2021-07-05
29,22,15,abrigada,2021-07-06
13,9,6,verano,2021-07-07
36,28,2,normal,2021-07-08
14,35,18,normal,2021-07-09
12,20,36,normal,2021-07-10
26,28,19,verano,2021-07-11
24,5,35,normal,2021-07-12
1,21,31,verano,2021-07-13
15,17,4,normal,2021-07-14
35,29,18,abrigada,2021-07-15
22,33,12,verano,2021-07-16
28,35,21,normal,2021-07-17
35,8,38,abrigada,2021-07-18
18,37,5,abrigada,2021-07-19
14,19,8,abrigada,2021-07-20
31,3,17,verano,2021-07-21
4,19,22,verano,2021-07-22
10,36,21,normal,2021-07-23
3,28,33,abrigada,2021-07-24
12,8,30,normal,2021-07-25
6,3,18,normal,2021-07-26
29,30,34,abrigada,2021-07-27
20,30,18,normal,2021-07-28
30,31,1,verano,2021-07-29
9,1,1,normal,2021-07-30
23,16,31,abrigada,2021-07-31
15,15,38,verano,2021-08-01
30,23,0,verano,2021-08-02
10,20,3,normal,2021-08-03
6,25,11,normal,2021-08-04
30,16,32,verano,2021-08-05
10,27,31,normal,2021-08-06
0,27,6,abrigada,2021-08-07
1,23,3,normal,2021-08-08
18,25,10,normal,2021-08-09
39,10,2,verano,2021-08-10
11,2,26,normal,2021-08-11
1,15,1,normal,2021-08-12
29,19,37,normal,2021-08-13
27,24,31,abrigada,2021-08-14
9,39,32,normal,2021-08-15
12,36,15,abrigada,2021-08-16
21,19,26,abrigada,2021-08-17
15,33,31,abrigada,2021-08-18
25,24,1,abrigada,2021-08-19
11,39,8,verano,2021-08-20
11,25,8,abrigada,2021-08-21
9,31,33,normal,2021-08-22
19,38,1,abrigada,2021-08-23
0,35,23,normal,2021-08-24
26,1,30,abrigada,2021-08-25
13,1,28,verano,2021-08-26
14,11,36,abrigada,2021-08-27
27,19,38,abrigada,2021-08-28
23,20,9,verano,2021-08-29
13,36,17,abrigada,2021-08-30
23,13,33,normal,2021-08-31
11,21,5,abrigada,2021-09-01
35,35,21,abrigada,2021-09-02
13,15,35,abrigada,2021-09-03
24,31,32,verano,2021-09-04
35,19,17,abrigada,2021-09-05
37,2,22,abrigada,2021-09-06
31,15,4,normal,2021-09-07
3,20,39,abrigada,2021-09-08
13,38,30,abrigada,2021-09-09
13,5,11,abrigada,2021-09-10
15,16,22,abrigada,2021-09-11
13,6,31,normal,2021-09-12
14,16,33,normal,2021-09-13
4,26,22,verano,2021-09-14
39,13,14,abrigada,2021-09-15
32,30,34,verano,2021-09-16
16,27,18,verano,2021-09-17
22,31,39,abrigada,2021-09-18
12,19,34,normal,2021-09-19
4,8,28,normal,2021-09-20
5,24,30,abrigada,2021-09-21
21,1,4,abrigada,2021-09-22
26,24,7,normal,2021-09-23
0,19,22,abrigada,2021-09-24
31,10,38,abrigada,2021-09-25
23,10,28,abrigada,2021-09-26
25,15,34,normal,2021-09-27
19,2,0,verano,2021-09-28
0,16,1,verano,2021-09-29
28,19,5,abrigada,2021-09-30
7,28,32,normal,2021-10-01
2,34,4,abrigada,2021-10-02
26,11,19,normal,2021-10-03
19,8,38,abrigada,2021-10-04
3,18,37,normal,2021-10-05
26,12,12,normal,2021-10-06
21,27,21,verano,2021-10-07
18,7,7,abrigada,2021-10-08
25,25,22,verano,2021-10-09
12,27,8,verano,2021-10-10
19,18,38,normal,2021-10-11
11,14,30,abrigada,2021-10-12
13,10,25,normal,2021-10-13
26,10,37,normal,2021-10-14
33,18,5,normal,2021-10-15
37,27,0,abrigada,2021-10-16
34,39,7,abrigada,2021-10-17
6,10,38,normal,2021-10-18
3,24,11,abrigada,2021-10-19
25,37,11,normal,2021-10-20
36,23,15,abrigada,2021-10-21
12,24,3,abrigada,2021-10-22
10,31,6,verano,2021-10-23
10,27,22,normal,2021-10-24
22,27,25,verano,2021-10-25
24,28,18,verano,2021-10-26
32,35,13,normal,2021-10-27
13,34,29,normal,2021-10-28
27,16,2,abrigada,2021-10-29
15,29,28,normal,2021-10-30
14,24,37,verano,2021-10-31
37,22,24,verano,2021-11-01
6,21,16,normal,2021-11-02
17,9,9,verano,2021-11-03
6,37,26,abrigada,2021-11-04
32,0,33,verano,2021-11-05
3,16,3,abrigada,2021-11-06
25,3,0,verano,2021-11-07
6,29,8,abrigada,2021-11-08
34,7,23,abrigada,2021-11-09
18,35,26,normal,2021-11-10
31,13,17,abrigada,2021-11-11
27,28,15,normal,2021-11-12
34,30,3,verano,2021-11-13
36,16,38,verano,2021-11-14
25,38,3,verano,2021-11-15
29,29,21,abrigada,2021-11-16
10,1,11,verano,2021-11-17
29,35,17,verano,2021-11-18
25,6,0,normal,2021-11-19
25,22,25,normal,2021-11-20
5,5,7,verano,2021-11-21
23,21,18,verano,2021-11-22
36,17,30,abrigada,2021-11-23
36,29,32,abrigada,2021-11-24
9,36,11,verano,2021-11-25
29,26,38,normal,2021-11-26
8,20,11,verano,2021-11-27
28,32,14,abrigada,2021-11-28
1,38,17,normal,2021-11-29
2,6,17,normal,2021-11-30
37,36,32,abrigada,2021-12-01
30,10,3,verano,2021-12-02
17,3,33,verano,2021-12-03
28,23,21,verano,2021-12-04
1,5,24,abrigada,2021-12-05
20,15,30,normal,2021-12-06
13,38,27,abrigada,2021-12-07
31,27,8,verano,2021-12-08
21,31,4,abrigada,2021-12-09
22,4,31,normal,2021-12-10
9,38,14,abrigada,2021-12-11
6,28,2,verano,2021-12-12
18,9,27,normal,2021-12-13
28,14,34,abrigada,2021-12-14
5,11,37,abrigada,2021-12-15
12,28,18,normal,2021-12-16
2,7,7,normal,2021-12-17
19,3,20,verano,2021-12-18
2,7,22,normal,2021-12-19
15,12,2,verano,2021-12-20
8,13,12,abrigada,2021-12-21
6,14,6,verano,2021-12-22
37,33,21,abrigada,2021-12-23
23,36,0,normal,2021-12-24
9,15,7,abrigada,2021-12-25
24,11,24,normal,2021-12-26
16,25,13,abrigada,2021-12-27
35,22,5,abrigada,2021-12-28
4,24,17,abrigada,2021-12-29
12,13,27,abrigada,2021-12-30
17,27,26,verano,2021-12-31
31,8,39,abrigada,2022-01-01
31,19,27,verano,2022-01-02
32,3,33,normal,2022-01-03
2,25,7,normal,2022-01-04
5,15,23,verano,2022-01-05
38,29,12,normal,2022-01-06
4,24,19,normal,2022-01-07
17,17,1,abrigada,2022-01-08
9,11,12,abrigada,2022-01-09
10,18,34,abrigada,2022-01-10
38,25,13,verano,2022-01-11
23,0,21,verano,2022-01-12
22,18,17,normal,2022-01-13
11,27,27,abrigada,2022-01-14
32,18,27,verano,2022-01-15
36,25,34,verano,2022-01-16
33,34,39,abrigada,2022-01-17
15,37,12,verano,2022-01-18
22,21,15,abrigada,2022-01-19
27,34,7,normal,2022-01-20
21,20,25,normal,2022-01-21
39,20,24,normal,2022-01-22
0,5,22,abrigada,2022-01-23
22,22,31,verano,2022-01-24
29,12,17,normal,2022-01-25
22,14,32,normal,2022-01-26
20,38,22,normal,2022-01-27
26,17,23,verano,2022-01-28
39,6,19,verano,2022-01-29
26,5,26,abrigada,2022-01-30
8,30,20,normal,2022-01-31
25,39,12,verano,2022-02-01
22,19,36,abrigada,2022-02-02
27,16,27,normal,2022-02-03
1,24,5,verano,2022-02-04
10,37,5,verano,2022-02-05
10,13,1,abrigada,2022-02-06
39,2,34,normal,2022-02-07
32,23,18,normal,2022-02-08
17,23,34,verano,2022-02-09
0,35,24,normal,2022-02-10
33,24,15,abrigada,2022-02-11
33,28,18,verano,2022-02-12
22,18,24,verano,2022-02-13
15,8,0,abrigada,2022-02-14
18,32,33,verano,2022-02-15
15,39,17,normal,2022-02-16
33,24,5,normal,2022-02-17
20,5,31,verano,2022-02-18
38,30,9,abrigada,2022-02-19
29,17,23,abrigada,2022-02-20
8,30,14,normal,2022-02-21
3,39,8,abrigada,2022-02-22
8,25,3,verano,2022-02-23
16,15,14,verano,2022-02-24
34,4,4,normal,2022-02-25
19,14,17,normal,2022-02-26
1,28,12,normal,2022-02-27
3,9,30,abrigada,2022-02-28
7,2,8,verano,2022-03-01
29,10,34,verano,2022-03-02
36,12,35,verano,2022-03-03
12,11,36,normal,2022-03-04
9,8,6,verano,2022-03-05
1,22,38,abrigada,2022-03-06
39,38,20,abrigada,2022-03-07
22,28,13,verano,2022-03-08
25,4,30,normal,2022-03-09
24,30,19,verano,2022-03-10
16,1,24,abrigada,2022-03-11
12,38,27,abrigada,2022-03-12
5,2,34,abrigada,2022-03-13
17,10,19,verano,2022-03-14
4,18,21,abrigada,2022-03-15
18,15,23,normal,2022-03-16
3,14,24,verano,2022-03-17
34,13,18,verano,2022-03-18
37,35,6,abrigada,2022-03-19
29,18,24,abrigada,2022-03-20
15,39,7,normal,2022-03-21
17,27,15,verano,2022-03-22
18,16,12,abrigada,2022-03-23
6,26,9,normal,2022-03-24
33,35,24,abrigada,2022-03-25
5,23,17,verano,2022-03-26
22,5,28,abrigada,2022-03-27
24,16,23,verano,2022-03-28
10,25,33,abrigada,2022-03-29
27,2,10,verano,2022-03-30
37,13,25,normal,2022-03-31
20,38,29,verano,2022-04-01
7,19,31,normal,2022-04-02
21,6,8,verano,2022-04-03
0,28,7,normal,2022-04-04
3,34,2,abrigada,2022-04-05
39,6,26,verano,2022-04-06
0,26,15,abrigada,2022-04-07
37,6,22,normal,2022-04-08
10,32,35,verano,2022-04-09
36,16,34,verano,2022-04-10
4,31,2,abrigada,2022-04-11
34,13,30,verano,2022-04-12
30,16,23,verano,2022-04-13
22,17,13,abrigada,2022-04-14
14,14,5,verano,2022-04-15
26,14,35,abrigada,2022-04-16
7,14,2,abrigada,2022-04-17
12,33,23,abrigada,2022-04-18
39,31,31,abrigada,2022-04-19
29,12,0,abrigada,2022-04-20
33,14,13,normal,2022-04-21
28,33,17,normal,2022-04-22
6,28,30,abrigada,2022-04-23
24,37,13,normal,2022-04-24
7,26,1,normal,2022-04-25
16,36,13,verano,2022-04-26
24,29,28,abrigada,2022-04-27
19,20,21,normal,2022-04-28
34,36,15,verano,2022-04-29
16,15,1,verano,2022-04-30
3,20,38,abrigada,2022-05-01
33,29,5,abrigada,2022-05-02
16,38,24,verano,2022-05-03
4,4,19,abrigada,2022-05-04
15,36,39,abrigada,2022-05-05
8,4,1,verano,2022-05-06
8,35,21,verano,2022-05-07
21,21,33,abrigada,2022-05-08
28,37,32,normal,2022-05-09
17,6,0,abrigada,2022-05-10
32,0,23,normal,2022-05-11
3,3,17,verano,2022-05-12
26,31,32,normal,2022-05-13
27,35,5,verano,2022-05-14
15,33,22,abrigada,2022-05-15
23,12,17,abrigada,2022-05-16
12,36,38,verano,2022-05-17
16,14,17,verano,2022-05-18
22,29,33,verano,2022-05-19
3,2,6,abrigada,2022-05-20
17,6,39,abrigada,2022-05-21
5,21,0,normal,2022-05-22
3,28,20,verano,2022-05-23
25,13,8,normal,2022-05-24
11,5,19,abrigada,2022-05-25
23,26,37,normal,2022-05-26
7,0,23,normal,2022-05-27
6,18,21,abrigada,2022-05-28
34,29,28,abrigada,2022-05-29
21,10,19,verano,2022-05-30
28,33,0,normal,2022-05-31
30,29,17,abrigada,2022-06-01
16,37,13,abrigada,2022-06-02
22,24,14,normal,2022-06-03
21,2,18,abrigada,2022-06-04
33,34,0,verano,2022-06-05
20,28,5,verano,2022-06-06
36,0,0,normal,2022-06-07
26,20,15,verano,2022-06-08
39,25,15,abrigada,2022-06-09
27,0,35,abrigada,2022-06-10
9,16,22,abrigada,2022-06-11
6,6,14,abrigada,2022-06-12
33,3,13,normal,2022-06-13
13,15,6,verano,2022-06-14
31,18,1,verano,2022-06-15
9,16,36,abrigada,2022-06-16
11,5,21,normal,2022-06-17
31,19,0,abrigada,2022-06-18
5,18,17,abrigada,2022-06-19
5,32,22,normal,2022-06-20
22,25,12,normal,2022-06-21
6,14,26,abrigada,2022-06-22
25,32,14,verano,2022-06-23
35,26,4,abrigada,2022-06-24
1,32,15,verano,2022-06-25
22,37,15,verano,2022-06-26
13,28,25,normal,2022-06-27
34,14,2,normal,2022-06-28
22,28,33,abrigada,2022-06-29
32,22,6,verano,2022-06-30
2,31,30,verano,2022-07-01
17,6,0,abrigada,2022-07-02
13,31,5,abrigada,2022-07-03
38,9,6,abrigada,2022-07-04
25,33,29,normal,2022-07-05
35,20,16,abrigada,2022-07-06
32,9,11,abrigada,2022-07-07
15,31,14,verano,2022-07-08
26,27,16,abrigada,2022-07-09
1,35,6,verano,2022-07-10
12,14,24,verano,2022-07-11
22,21,25,normal,2022-07-12
32,10,9,abrigada,2022-07-13
24,36,37,abrigada,2022-07-14
23,39,32,verano,2022-07-15
16,23,36,normal,2022-07-16
1,31,23,normal,2022-07-17
8,3,16,abrigada,2022-07-18
16,29,39,verano,2022-07-19
10,20,20,abrigada,2022-07-20
17,28,23,abrigada,2022-07-21
9,16,17,abrigada,2022-07-22
19,36,17,abrigada,2022-07-23
16,8,13,verano,2022-07-24
28,30,3,normal,2022-07-25
17,19,8,abrigada,2022-07-26
12,14,26,abrigada,2022-07-27
14,27,36,abrigada,2022-07-28
18,25,25,abrigada,2022-07-29
24,25,25,normal,2022-07-30
27,17,31,normal,2022-07-31
2,1,32,normal,2022-08-01
18,16,32,normal,2022-08-02
11,2,25,abrigada,2022-08-03
34,7,35,verano,2022-08-04
6,35,15,normal,2022-08-05
23,0,24,normal,2022-08-06
9,15,15,abrigada,2022-08-07
7,28,38,abrigada,2022-08-08
27,5,15,abrigada,2022-08-09
19,15,6,abrigada,2022-08-10
13,25,25,verano,2022-08-11
13,6,32,verano,2022-08-12
25,19,2,normal,2022-08-13
3,25,10,verano,2022-08-14
1,13,29,normal,2022-08-15
11,25,32,normal,2022-08-16
12,13,23,verano,2022-08-17
33,25,20,normal,2022-08-18
27,35,39,abrigada,2022-08-19
1,8,22,normal,2022-08-20
14,12,22,abrigada,2022-08-21
16,1,19,verano,2022-08-22
19,2,11,verano,2022-08-23
39,1,35,normal,2022-08-24
13,15,18,abrigada,2022-08-25
33,5,12,normal,2022-08-26
35,21,17,verano,2022-08-27
11,29,39,normal,2022-08-28
6,31,18,normal,2022-08-29
5,19,26,abrigada,2022-08-30
36,6,4,verano,2022-08-31
10,14,2,normal,2022-09-01
4,22,36,abrigada,2022-09-02
8,14,2,normal,2022-09-03
28,5,16,abrigada,2022-09-04
25,20,7,abrigada,2022-09-05
20,10,37,normal,2022-09-06
7,23,34,verano,2022-09-07
13,13,9,verano,2022-09-08
11,37,33,abrigada,2022-09-09
9,16,16,verano,2022-09-10
2,30,0,abrigada,2022-09-11
11,38,3,verano,2022-09-12
12,33,20,normal,2022-09-13
21,3,17,verano,2022-09-14
4,18,1,abrigada,2022-09-15
11,16,9,abrigada,2022-09-16
33,5,7,verano,2022-09-17
10,11,8,normal,2022-09-18
1,7,10,abrigada,2022-09-19
35,9,20,abrigada,2022-09-20
19,7,35,abrigada,2022-09-21
28,11,13,abrigada,2022-09-22
20,21,20,abrigada,2022-09-23
29,38,19,normal,2022-09-24
23,22,6,verano,2022-09-25
8,0,25,normal,2022-09-26
37,37,21,normal,2022-09-27
9,5,16,abrigada,2022-09-28
37,23,9,normal,2022-09-29
7,20,5,abrigada,2022-09-30
20,38,23,normal,2022-10-01
32,17,27,abrigada,2022-10-02
31,11,26,abrigada,2022-10-03
9,31,25,normal,2022-10-04
24,10,22,normal,2022-10-05
33,39,22,verano,2022-10-06
28,30,6,verano,2022-10-07
39,32,20,verano,2022-10-08
1,17,32,normal,2022-10-09
36,33,19,normal,2022-10-10
34,17,23,abrigada,2022-10-11
7,29,9,verano,2022-10-12
22,10,1,abrigada,2022-10-13
25,35,32,abrigada,2022-10-14
12,39,24,abrigada,2022-10-15
3,18,17,abrigada,2022-10-16
36,29,18,verano,2022-10-17
22,15,0,abrigada,2022-10-18
11,23,33,normal,2022-10-19
7,17,4,normal,2022-10-20
25,29,12,normal,2022-10-21
18,28,2,verano,2022-10-22
25,39,11,abrigada,2022-10-23
1,10,27,verano,2022-10-24
17,12,36,abrigada,2022-10-25
21,11,1,verano,2022-10-26
36,6,25,verano,2022-10-27
25,23,11,abrigada,2022-10-28
15,22,39,verano,2022-10-29
8,31,14,abrigada,2022-10-30
36,12,4,normal,2022-10-31
10,9,12,normal,2022-11-01
14,6,39,normal,2022-11-02
27,31,34,verano,2022-11-03
14,35,20,normal,2022-11-04
5,0,3,abrigada,2022-11-05
10,25,36,normal,2022-11-06
22,28,20,normal,2022-11-07
26,38,39,verano,2022-11-08
12,22,15,abrigada,2022-11-09
29,3,39,verano,2022-11-10
15,30,24,verano,2022-11-11
11,25,36,abrigada,2022-11-12
32,27,8,verano,2022-11-13
11,4,27,abrigada,2022-11-14
34,4,33,normal,2022-11-15
33,12,38,abrigada,2022-11-16
13,10,37,abrigada,2022-11-17
3,32,6,abrigada,2022-11-18
7,36,9,verano,2022-11-19
14,37,14,abrigada,2022-11-20
4,28,18,abrigada,2022-11-21
9,11,3,abrigada,2022-11-22
30,17,15,normal,2022-11-23
39,35,24,abrigada,2022-11-24
22,11,33,verano,2022-11-25
35,36,2,abrigada,2022-11-26
8,17,34,abrigada,2022-11-27
33,13,3,normal,2022-11-28
28,14,27,abrigada,2022-11-29
15,11,4,verano,2022-11-30
33,0,38,abrigada,2022-12-01
31,25,16,verano,2022-12-02
26,23,34,normal,2022-12-03
38,25,37,abrigada,2022-12-04
22,21,3,normal,2022-12-05
8,3,6,abrigada,2022-12-06
22,1,23,verano,2022-12-07
39,30,30,normal,2022-12-08
39,33,23,abrigada,2022-12-09
25,15,12,verano,2022-12-10
14,26,3,normal,2022-12-11
15,29,29,abrigada,2022-12-12
35,2,21,normal,2022-12-13
21,11,20,abrigada,2022-12-14
3,30,30,verano,2022-12-15
22,19,14,verano,2022-12-16
22,27,15,normal,2022-12-17
36,20,14,normal,2022-12-18
16,36,12,abrigada,2022-12-19
18,29,17,verano,2022-12-20
13,35,35,abrigada,2022-12-21
19,18,6,verano,2022-12-22
3,33,1,normal,2022-12-23
4,9,31,abrigada,2022-12-24
12,38,4,abrigada,2022-12-25
9,9,37,verano,2022-12-26
26,20,7,verano,2022-12-27
0,27,38,verano,2022-12-28
13,20,29,normal,2022-12-29
20,8,16,abrigada,2022-12-30
4,30,39,verano,2022-12-31
37,18,35,normal,2023-01-01
32,12,13,verano,2023-01-02
32,28,35,abrigada,2023-01-03
9,30,5,verano,2023-01-04
0,6,26,abrigada,2023-01-05
20,27,15,normal,2023-01-06
22,19,37,normal,2023-01-07
24,27,4,verano,2023-01-08
20,17,5,abrigada,2023-01-09
28,18,32,abrigada,2023-01-10
0,2,20,abrigada,2023-01-11
34,39,2,verano,2023-01-12
24,37,19,abrigada,2023-01-13
33,20,22,abrigada,2023-01-14
5,12,22,abrigada,2023-01-15
8,16,1,abrigada,2023-01-16
18,18,6,verano,2023-01-17
19,8,16,verano,2023-01-18
26,1,35,abrigada,2023-01-19
18,16,4,abrigada,2023-01-20
38,17,6,normal,2023-01-21
16,38,35,normal,2023-01-22
39,3,37,abrigada,2023-01-23
24,4,29,abrigada,2023-01-24
11,3,23,normal,2023-01-25
28,8,3,normal,2023-01-26
23,13,4,abrigada,2023-01-27
17,18,11,verano,2023-01-28
17,16,29,verano,2023-01-29
23,10,34,abrigada,2023-01-30
22,16,0,abrigada,2023-01-31
14,31,8,normal,2023-02-01
14,27,23,normal,2023-02-02
34,21,26,verano,2023-02-03
18,11,19,abrigada,2023-02-04
0,20,0,normal,2023-02-05
9,31,38,verano,2023-02-06
21,17,31,verano,2023-02-07
26,27,17,verano,2023-02-08
38,28,17,normal,2023-02-09
7,30,33,normal,2023-02-10
6,35,17,abrigada,2023-02-11
37,8,8,abrigada,2023-02-12
7,34,17,verano,2023-02-13
4,13,27,verano,2023-02-14
29,3,38,normal,2023-02-15
19,24,27,normal,2023-02-16
11,1,13,abrigada,2023-02-17
21,30,22,abrigada,2023-02-18
19,37,3,abrigada,2023-02-19
14,23,24,normal,2023-02-20
0,6,30,verano,2023-02-21
11,4,37,abrigada,2023-02-22
11,38,17,abrigada,2023-02-23
1,9,14,normal,2023-02-24
29,16,3,abrigada,2023-02-25
6,30,38,verano,2023-02-26
33,5,37,normal,2023-02-27
33,14,13,abrigada,2023-02-28
5,36,31,abrigada,2023-03-01
2,2,21,normal,2023-03-02
21,9,2,normal,2023-03-03
11,28,16,abrigada,2023-03-04
6,12,1,verano,2023-03-05
3,9,38,normal,2023-03-06
23,16,5,verano,2023-03-07
18,4,31,abrigada,2023-03-08
9,8,26,verano,2023-03-09
12,18,20,abrigada,2023-03-10
23,37,3,abrigada,2023-03-11
23,34,2,abrigada,2023-03-12
3,36,39,abrigada,2023-03-13
34,30,24,verano,2023-03-14
39,12,3,abrigada,2023-03-15
13,12,26,abrigada,2023-03-16
5,16,35,verano,2023-03-17
39,34,16,normal,2023-03-18
1,12,1,verano,2023-03-19
27,25,21,verano,2023-03-20
2,34,11,verano,2023-03-21
23,4,19,abrigada,2023-03-22
38,38,12,abrigada,2023-03-23
11,12,9,abrigada,2023-03-24
32,39,15,normal,2023-03-25
34,2,4,abrigada,2023-03-26
25,10,6,normal,2023-03-27
9,33,2,abrigada,2023-03-28
7,30,10,verano,2023-03-29
6,1,5,abrigada,2023-03-30
31,19,33,normal,2023-03-31
15,24,11,normal,2023-04-01
6,38,16,abrigada,2023-04-02
10,5,22,verano,2023-04-03
26,5,37,abrigada,2023-04-04
1,21,19,abrigada,2023-04-05
24,14,28,abrigada,2023-04-06
7,36,32,verano,2023-04-07
21,4,38,normal,2023-04-08
17,37,36,verano,2023-04-09
29,30,9,normal,2023-04-10
14,17,22,normal,2023-04-11
32,15,37,normal,2023-04-12
34,33,27,verano,2023-04-13
1,29,12,abrigada,2023-04-14
15,4,27,abrigada,2023-04-15
38,19,23,abrigada,2023-04-16
26,29,26,abrigada,2023-04-17
25,6,37,abrigada,2023-04-18
4,22,27,verano,2023-04-19
33,14,31,verano,2023-04-20
25,30,18,verano,2023-04-21
8,28,38,verano,2023-04-22
3,2,28,verano,2023-04-23
10,32,37,verano,2023-04-24
10,26,32,verano,2023-04-25
20,38,30,abrigada,2023-04-26
37,1,26,normal,2023-04-27
35,10,17,verano,2023-04-28
0,34,34,normal,2023-04-29
30,27,38,verano,2023-04-30
0,24,37,verano,2023-05-01
19,2,1,abrigada,2023-05-02
17,9,4,normal,2023-05-03
8,1,33,abrigada,2023-05-04
37,30,9,abrigada,2023-05-05
11,35,20,normal,2023-05-06
5,2,9,abrigada,2023-05-07
4,25,20,verano,2023-05-08
25,37,25,verano,2023-05-09
7,4,14,verano,2023-05-10
15,0,15,verano,2023-05-11
36,2,30,verano,2023-05-12
12,15,20,abrigada,2023-05-13
1,26,37,abrigada,2023-05-14
25,37,24,verano,2023-05-15
10,7,7,verano,2023-05-16
32,6,37,abrigada,2023-05-17
20,7,20,normal,2023-05-18
19,7,30,abrigada,2023-05-19
28,8,14,abrigada,2023-05-20
29,25,9,abrigada,2023-05-21
28,15,35,abrigada,2023-05-22
19,36,21,abrigada,2023-05-23
6,22,39,normal,2023-05-24
28,15,37,verano,2023-05-25
27,37,30,verano,2023-05-26
13,32,8,normal,2023-05-27
26,23,12,verano,2023-05-28
25,28,27,verano,2023-05-29
27,7,22,verano,2023-05-30
28,4,6,normal,2023-05-31
35,26,1,normal,2023-06-01
24,8,26,verano,2023-06-02
0,22,9,verano,2023-06-03
24,2,5,verano,2023-06-04
5,1,17,abrigada,2023-06-05
22,1,11,abrigada,2023-06-06
21,36,19,abrigada,2023-06-07
38,23,19,normal,2023-06-08
0,0,16,verano,2023-06-09
0,29,2,normal,2023-06-10
10,23,21,normal,2023-06-11
25,12,0,normal,2023-06-12
23,9,34,verano,2023-06-13
23,27,35,abrigada,2023-06-14
15,39,15,verano,2023-06-15
16,14,15,verano,2023-06-16
14,33,10,normal,2023-06-17
0,14,25,normal,2023-06-18
3,4,34,normal,2023-06-19
12,9,10,abrigada,2023-06-20
17,33,38,abrigada,2023-06-21
22,6,38,abrigada,2023-06-22
2,11,6,verano,2023-06-23
25,32,36,normal,2023-06-24
14,1,6,verano,2023-06-25
31,3,19,abrigada,2023-06-26
35,31,27,normal,2023-06-27
12,0,34,abrigada,2023-06-28
29,35,24,normal,2023-06-29
15,18,0,normal,2023-06-30
4,21,23,verano,2023-07-01
36,35,35,verano,2023-07-02
3,35,17,abrigada,2023-07-03
15,17,21,verano,2023-07-04
1,20,35,verano,2023-07-05
38,38,28,verano,2023-07-06
25,20,16,normal,2023-07-07
15,30,8,verano,2023-07-08
30,13,36,abrigada,2023-07-09
1,13,32,normal,2023-07-10
34,38,19,normal,2023-07-11
1,18,36,verano,2023-07-12
17,15,3,normal,2023-07-13
11,28,6,abrigada,2023-07-14
13,11,34,abrigada,2023-07-15
4,16,31,normal,2023-07-16
9,16,4,verano,2023-07-17
8,32,35,verano,2023-07-18
35,17,8,normal,2023-07-19
28,13,24,abrigada,2023-07-20
14,5,28,normal,2023-07-21
14,28,3,verano,2023-07-22
17,38,15,verano,2023-07-23
10,13,2,normal,2023-07-24
37,17,19,abrigada,2023-07-25
24,37,12,normal,2023-07-26
3,13,32,abrigada,2023-07-27
27,36,7,abrigada,2023-07-28
33,4,4,normal,2023-07-29
30,8,31,normal,2023-07-30
32,2,29,abrigada,2023-07-31
11,28,2,abrigada,2023-08-01
25,29,8,abrigada,2023-08-02
25,1,2,abrigada,2023-08-03
3,24,12,verano,2023-08-04
38,34,22,normal,2023-08-05
8,1,30,abrigada,2023-08-06
1,31,17,normal,2023-08-07
12,4,9,abrigada,2023-08-08
24,33,36,normal,2023-08-09
29,6,5,normal,2023-08-10
2,12,2,abrigada,2023-08-11
25,23,5,abrigada,2023-08-12
11,35,1,normal,2023-08-13
10,38,33,normal,2023-08-14
25,17,20,normal,2023-08-15
35,39,21,verano,2023-08-16
29,29,7,abrigada,2023-08-17
33,8,19,verano,2023-08-18
39,24,18,verano,2023-08-19
4,10,14,abrigada,2023-08-20
7,18,22,abrigada,2023-08-21
26,39,31,verano,2023-08-22
25,26,18,abrigada,2023-08-23
28,38,32,normal,2023-08-24
18,36,18,normal,2023-08-25
32,15,22,verano,2023-08-26
6,25,31,verano,2023-08-27
11,7,4,abrigada,2023-08-28
27,4,25,abrigada,2023-08-29
4,21,14,verano,2023-08-30
12,27,32,verano,2023-08-31
22,32,17,normal,2023-09-01
29,25,15,normal,2023-09-02
12,38,32,abrigada,2023-09-03
25,0,37,normal,2023-09-04
1,5,37,abrigada,2023-09-05
23,17,26,abrigada,2023-09-06
7,27,9,abrigada,2023-09-07
16,28,5,normal,2023-09-08
13,21,5,verano,2023-09-09
25,38,11,verano,2023-09-10
34,13,21,normal,2023-09-11
22,6,39,verano,2023-09-12
24,12,20,abrigada,2023-09-13
9,8,14,verano,2023-09-14
1,24,12,normal,2023-09-15
33,33,34,verano,2023-09-16
37,2,5,abrigada,2023-09-17
18,2,17,abrigada,2023-09-18
38,8,11,normal,2023-09-19
4,2,10,normal,2023-09-20
29,3,4,normal,2023-09-21
0,26,27,abrigada,2023-09-22
28,17,11,verano,2023-09-23
12,1,36,verano,2023-09-24
15,23,34,normal,2023-09-25
21,35,10,verano,2023-09-26
28,34,14,verano,2023-09-27
30,15,9,normal,2023-09-28
31,1,23,normal,2023-09-29
22,1,37,abrigada,2023-09-30
30,39,25,abrigada,2023-10-01
28,2,13,abrigada,2023-10-02
24,0,2,abrigada,2023-10-03
25,17,8,verano,2023-10-04
37,22,20,verano,2023-10-05
0,20,26,abrigada,2023-10-06
5,35,27,abrigada,2023-10-07
16,39,2,normal,2023-10-08
11,38,11,verano,2023-10-09
1,21,22,verano,2023-10-10
29,4,8,abrigada,2023-10-11
20,10,4,verano,2023-10-12
34,26,1,normal,2023-10-13
23,30,32,normal,2023-10-14
38,29,36,verano,2023-10-15
27,30,10,abrigada,2023-10-16
22,1,39,verano,2023-10-17
26,34,1,normal,2023-10-18
38,36,20,abrigada,2023-10-19
4,20,28,verano,2023-10-20
19,37,19,abrigada,2023-10-21
24,1,31,abrigada,2023-10-22
25,5,2,normal,2023-10-23
32,0,4,abrigada,2023-10-24
12,18,11,verano,2023-10-25
24,34,11,abrigada,2023-10-26
29,4,33,abrigada,2023-10-27
21,38,12,verano,2023-10-28
2,19,30,normal,2023-10-29
4,23,39,normal,2023-10-30
32,7,23,verano,2023-10-31
19,15,11,verano,2023-11-01
12,38,24,normal,2023-11-02
31,23,8,abrigada,2023-11-03
39,22,12,verano,2023-11-04
31,14,35,abrigada,2023-11-05
4,21,15,verano,2023-11-06
9,23,17,normal,2023-11-07
17,6,3,abrigada,2023-11-08
25,4,15,abrigada,2023-11-09
34,25,17,verano,2023-11-10
28,22,13,abrigada,2023-11-11
14,32,24,verano,2023-11-12
20,16,22,normal,2023-11-13
16,13,28,abrigada,2023-11-14
19,29,18,verano,2023-11-15
38,12,17,abrigada,2023-11-16
22,32,38,verano,2023-11-17
39,17,8,verano,2023-11-18
32,31,16,verano,2023-11-19
18,26,5,normal,2023-11-20
34,36,33,abrigada,2023-11-21
19,24,3,normal,2023-11-22
9,9,23,verano,2023-11-23
20,10,26,verano,2023-11-24
15,25,29,normal,2023-11-25
15,6,15,normal,2023-11-26
34,15,39,abrigada,2023-11-27
11,34,20,verano,2023-11-28
35,16,31,normal,2023-11-29
5,23,26,verano,2023-11-30
19,24,1,verano,2023-12-01
8,27,37,abrigada,2023-12-02
2,19,5,abrigada,2023-12-03
38,32,0,abrigada,2023-12-04
36,5,33,normal,2023-12-05
14,25,13,verano,2023-12-06
6,30,23,normal,2023-12-07
30,28,31,normal,2023-12-08
16,13,39,abrigada,2023-12-09
35,23,26,verano,2023-12-10
24,31,17,verano,2023-12-11
17,36,25,abrigada,2023-12-12
8,34,7,verano,2023-12-13
19,21,18,abrigada,2023-12-14
29,27,34,normal,2023-12-15
10,30,38,normal,2023-12-16
35,29,22,abrigada,2023-12-17
18,11,14,normal,2023-12-18
30,36,36,normal,2023-12-19
14,28,25,abrigada,2023-12-20
1,19,14,normal,2023-12-21
3,21,37,verano,2023-12-22
22,25,10,normal,2023-12-23
27,1,7,abrigada,2023-12-24
28,10,36,verano,2023-12-25
17,13,9,verano,2023-12-26
34,8,34,normal,2023-12-27
10,11,2,verano,2023-12-28
38,13,27,abrigada,2023-12-29
10,38,24,verano,2023-12-30
20,9,14,normal,2023-12-31
